series,model,n,full_mean,lo,hi,ours
rc_primary,dd150m,25,0.5092592592592593,0.32,0.72,0.57
rc_primary,dd150m,50,0.5092592592592593,0.38,0.64,0.57
rc_primary,dd150m,100,0.5092592592592593,0.41,0.6,0.57
rc_primary,dd150m,200,0.5092592592592593,0.445,0.575,0.57
rc_primary,dd150m,400,0.5092592592592593,0.4625,0.5525,0.57
rc_primary,dd150m,800,0.5092592592592593,0.48,0.5375,0.57
rc_primary,dd150m,1600,0.5092592592592593,0.49625,0.52375,0.57
rc_primary,dd150m,2376,0.5092592592592593,0.5092592592592593,0.5092592592592593,0.57
rc_primary,dd300m,25,0.5879629629629629,0.4,0.76,0.61
rc_primary,dd300m,50,0.5879629629629629,0.46,0.72,0.61
rc_primary,dd300m,100,0.5879629629629629,0.49,0.68,0.61
rc_primary,dd300m,200,0.5879629629629629,0.52,0.65,0.61
rc_primary,dd300m,400,0.5879629629629629,0.5425,0.6325,0.61
rc_primary,dd300m,800,0.5879629629629629,0.56,0.61625,0.61
rc_primary,dd300m,1600,0.5879629629629629,0.574375,0.6025,0.61
rc_primary,dd300m,2376,0.5879629629629629,0.5879629629629629,0.5879629629629629,0.61
rc_primary,dd1b,25,0.7066498316498316,0.52,0.88,0.69
rc_primary,dd1b,50,0.7066498316498316,0.58,0.82,0.69
rc_primary,dd1b,100,0.7066498316498316,0.62,0.79,0.69
rc_primary,dd1b,200,0.7066498316498316,0.645,0.77,0.69
rc_primary,dd1b,400,0.7066498316498316,0.6649375000000001,0.7475,0.69
rc_primary,dd1b,800,0.7066498316498316,0.68125,0.7325,0.69
rc_primary,dd1b,1600,0.7066498316498316,0.694359375,0.71875,0.69
rc_primary,dd1b,2376,0.7066498316498316,0.7066498316498316,0.7066498316498316,0.69
rc_primary,qwen1.7b-base,25,0.8312289562289562,0.68,0.96,0.8
rc_primary,qwen1.7b-base,50,0.8312289562289562,0.72,0.92,0.8
rc_primary,qwen1.7b-base,100,0.8312289562289562,0.76,0.9,0.8
rc_primary,qwen1.7b-base,200,0.8312289562289562,0.78,0.88,0.8
rc_primary,qwen1.7b-base,400,0.8312289562289562,0.7975,0.8625,0.8
rc_primary,qwen1.7b-base,800,0.8312289562289562,0.81,0.85125,0.8
rc_primary,qwen1.7b-base,1600,0.8312289562289562,0.820625,0.841875,0.8
rc_primary,qwen1.7b-base,2376,0.8312289562289562,0.8312289562289562,0.8312289562289562,0.8
rc_primary,qwen1.7b,25,0.7946127946127947,0.64,0.96,0.8
rc_primary,qwen1.7b,50,0.7946127946127947,0.68,0.9,0.8
rc_primary,qwen1.7b,100,0.7946127946127947,0.72,0.87,0.8
rc_primary,qwen1.7b,200,0.7946127946127947,0.74,0.85,0.8
rc_primary,qwen1.7b,400,0.7946127946127947,0.7575,0.83,0.8
rc_primary,qwen1.7b,800,0.7946127946127947,0.77,0.8175,0.8
rc_primary,qwen1.7b,1600,0.7946127946127947,0.783125,0.80625,0.8
rc_primary,qwen1.7b,2376,0.7946127946127947,0.7946127946127947,0.7946127946127947,0.8
mc_primary,dd150m,25,0.2617845117845118,0.12,0.44,0.28
mc_primary,dd150m,50,0.2617845117845118,0.14,0.38,0.28
mc_primary,dd150m,100,0.2617845117845118,0.18,0.35,0.28
mc_primary,dd150m,200,0.2617845117845118,0.2,0.32,0.28
mc_primary,dd150m,400,0.2617845117845118,0.22,0.3025,0.28
mc_primary,dd150m,800,0.2617845117845118,0.23625,0.28625,0.28
mc_primary,dd150m,1600,0.2617845117845118,0.25,0.273125,0.28
mc_primary,dd150m,2376,0.2617845117845118,0.2617845117845118,0.2617845117845118,0.28
mc_primary,dd300m,25,0.2474747474747475,0.08,0.44,0.16
mc_primary,dd300m,50,0.2474747474747475,0.12,0.38,0.16
mc_primary,dd300m,100,0.2474747474747475,0.17,0.33,0.16
mc_primary,dd300m,200,0.2474747474747475,0.19,0.305,0.16
mc_primary,dd300m,400,0.2474747474747475,0.2075,0.2875,0.16
mc_primary,dd300m,800,0.2474747474747475,0.22375,0.27125,0.16
mc_primary,dd300m,1600,0.2474747474747475,0.235,0.25875,0.16
mc_primary,dd300m,2376,0.2474747474747475,0.2474747474747475,0.2474747474747475,0.16
mc_primary,dd1b,25,0.23737373737373738,0.08,0.4,0.25
mc_primary,dd1b,50,0.23737373737373738,0.12,0.36,0.25
mc_primary,dd1b,100,0.23737373737373738,0.16,0.32,0.25
mc_primary,dd1b,200,0.23737373737373738,0.18,0.295,0.25
mc_primary,dd1b,400,0.23737373737373738,0.2025,0.275,0.25
mc_primary,dd1b,800,0.23737373737373738,0.21375,0.26,0.25
mc_primary,dd1b,1600,0.23737373737373738,0.22625,0.2487656249999999,0.25
mc_primary,dd1b,2376,0.23737373737373738,0.23737373737373738,0.23737373737373738,0.25
mc_primary,qwen1.7b-base,25,0.9255050505050505,0.8,1.0,0.95
mc_primary,qwen1.7b-base,50,0.9255050505050505,0.84,0.98,0.95
mc_primary,qwen1.7b-base,100,0.9255050505050505,0.87,0.97,0.95
mc_primary,qwen1.7b-base,200,0.9255050505050505,0.89,0.96,0.95
mc_primary,qwen1.7b-base,400,0.9255050505050505,0.9,0.9475,0.95
mc_primary,qwen1.7b-base,800,0.9255050505050505,0.91121875,0.94,0.95
mc_primary,qwen1.7b-base,1600,0.9255050505050505,0.918125,0.9325,0.95
mc_primary,qwen1.7b-base,2376,0.9255050505050505,0.9255050505050505,0.9255050505050505,0.95
mc_primary,qwen1.7b,25,0.8968855218855218,0.76,1.0,0.91
mc_primary,qwen1.7b,50,0.8968855218855218,0.82,0.98,0.91
mc_primary,qwen1.7b,100,0.8968855218855218,0.84,0.95,0.91
mc_primary,qwen1.7b,200,0.8968855218855218,0.855,0.935,0.91
mc_primary,qwen1.7b,400,0.8968855218855218,0.87,0.9225,0.91
mc_primary,qwen1.7b,800,0.8968855218855218,0.87875,0.91375,0.91
mc_primary,qwen1.7b,1600,0.8968855218855218,0.8887343750000001,0.905625,0.91
mc_primary,qwen1.7b,2376,0.8968855218855218,0.8968855218855218,0.8968855218855218,0.91
rc_primary_likelihood,dd150m,25,0.2806117015697973,0.26262867398167816,0.30007134767474036,0.2820670808982813
rc_primary_likelihood,dd150m,50,0.2806117015697973,0.2679877717364441,0.2950953822535464,0.2820670808982813
rc_primary_likelihood,dd150m,100,0.2806117015697973,0.2711756043391551,0.2898072076605628,0.2820670808982813
rc_primary_likelihood,dd150m,200,0.2806117015697973,0.2744072615769846,0.28737191203664963,0.2820670808982813
rc_primary_likelihood,dd150m,400,0.2806117015697973,0.2763356324746219,0.28497480847067136,0.2820670808982813
rc_primary_likelihood,dd150m,800,0.2806117015697973,0.2778559438125203,0.283406614146431,0.2820670808982813
rc_primary_likelihood,dd150m,1600,0.2806117015697973,0.2792669464014251,0.28192460441555134,0.2820670808982813
rc_primary_likelihood,dd150m,2376,0.2806117015697973,0.2806117015697973,0.2806117015697973,0.2820670808982813
rc_primary_likelihood,dd300m,25,0.2896283578928486,0.2705245201220992,0.3112393652867984,0.29113978037529076
rc_primary_likelihood,dd300m,50,0.2896283578928486,0.2756063716778296,0.3043371065327637,0.29113978037529076
rc_primary_likelihood,dd300m,100,0.2896283578928486,0.2796920409961332,0.2999347888706928,0.29113978037529076
rc_primary_likelihood,dd300m,200,0.2896283578928486,0.2822814283765643,0.2969022879680068,0.29113978037529076
rc_primary_likelihood,dd300m,400,0.2896283578928486,0.2847689194381606,0.2946256728233385,0.29113978037529076
rc_primary_likelihood,dd300m,800,0.2896283578928486,0.28667285407262544,0.29279255177544006,0.29113978037529076
rc_primary_likelihood,dd300m,1600,0.2896283578928486,0.28811337411774457,0.2911247302167709,0.29113978037529076
rc_primary_likelihood,dd300m,2376,0.2896283578928486,0.2896283578928486,0.2896283578928486,0.29113978037529076
rc_primary_likelihood,dd1b,25,0.30808046598441297,0.2860101813052417,0.3333403704515271,0.30660610673641114
rc_primary_likelihood,dd1b,50,0.30808046598441297,0.29196751169582175,0.3256496865294378,0.30660610673641114
rc_primary_likelihood,dd1b,100,0.30808046598441297,0.2969293157696455,0.32011235190193443,0.30660610673641114
rc_primary_likelihood,dd1b,200,0.30808046598441297,0.300049881557977,0.31661984501306306,0.30660610673641114
rc_primary_likelihood,dd1b,400,0.30808046598441297,0.302675859416463,0.3136038263309181,0.30660610673641114
rc_primary_likelihood,dd1b,800,0.30808046598441297,0.30463423109981863,0.31176877950284304,0.30660610673641114
rc_primary_likelihood,dd1b,1600,0.30808046598441297,0.3063163459534319,0.3097891669423358,0.30660610673641114
rc_primary_likelihood,dd1b,2376,0.30808046598441297,0.30808046598441297,0.30808046598441297,0.30660610673641114
rc_primary_likelihood,qwen1.7b-base,25,0.34105212339717106,0.3101047886360102,0.3760963338753943,0.3385345879131551
rc_primary_likelihood,qwen1.7b-base,50,0.34105212339717106,0.31969862456003295,0.36465054173595873,0.3385345879131551
rc_primary_likelihood,qwen1.7b-base,100,0.34105212339717106,0.3265988858132006,0.3575778566004886,0.3385345879131551
rc_primary_likelihood,qwen1.7b-base,200,0.34105212339717106,0.3300862792704186,0.35203585836903367,0.3385345879131551
rc_primary_likelihood,qwen1.7b-base,400,0.34105212339717106,0.3335937299875413,0.34819869741239184,0.3385345879131551
rc_primary_likelihood,qwen1.7b-base,800,0.34105212339717106,0.3363479340756845,0.3457382526635919,0.3385345879131551
rc_primary_likelihood,qwen1.7b-base,1600,0.34105212339717106,0.3386706130575132,0.34324915321352995,0.3385345879131551
rc_primary_likelihood,qwen1.7b-base,2376,0.34105212339717106,0.34105212339717106,0.34105212339717106,0.3385345879131551
rc_primary_likelihood,qwen1.7b,25,0.4143243440113883,0.3548032950512908,0.4815577980545351,0.4128596178422822
rc_primary_likelihood,qwen1.7b,50,0.4143243440113883,0.37228766472375946,0.45644844089593184,0.4128596178422822
rc_primary_likelihood,qwen1.7b,100,0.4143243440113883,0.38602454050051993,0.4438222024292841,0.4128596178422822
rc_primary_likelihood,qwen1.7b,200,0.4143243440113883,0.3943190699821218,0.4359505293520493,0.4128596178422822
rc_primary_likelihood,qwen1.7b,400,0.4143243440113883,0.4008492553693974,0.4285529872856484,0.4128596178422822
rc_primary_likelihood,qwen1.7b,800,0.4143243440113883,0.4050431284606101,0.4231557874616584,0.4128596178422822
rc_primary_likelihood,qwen1.7b,1600,0.4143243440113883,0.4099855926273236,0.4187814227265144,0.4128596178422822
rc_primary_likelihood,qwen1.7b,2376,0.4143243440113883,0.4143243440113883,0.4143243440113883,0.4128596178422822
mc_primary_likelihood,dd150m,25,0.2507889336422333,0.2304852751554102,0.2735839866087066,0.2502128289386254
mc_primary_likelihood,dd150m,50,0.2507889336422333,0.2367334380036831,0.2652217438717874,0.2502128289386254
mc_primary_likelihood,dd150m,100,0.2507889336422333,0.24038592182565982,0.26110988730943424,0.2502128289386254
mc_primary_likelihood,dd150m,200,0.2507889336422333,0.24402368195728036,0.2578738186626941,0.2502128289386254
mc_primary_likelihood,dd150m,400,0.2507889336422333,0.24601360995792193,0.255386221997752,0.2502128289386254
mc_primary_likelihood,dd150m,800,0.2507889336422333,0.2477217259066606,0.25381925844921577,0.2502128289386254
mc_primary_likelihood,dd150m,1600,0.2507889336422333,0.2492852584695877,0.2523039178620291,0.2502128289386254
mc_primary_likelihood,dd150m,2376,0.2507889336422333,0.2507889336422333,0.2507889336422333,0.2502128289386254
mc_primary_likelihood,dd300m,25,0.2496867198723535,0.23128743311112315,0.2689988549637946,0.2440904742652382
mc_primary_likelihood,dd300m,50,0.2496867198723535,0.2365783004733456,0.2629153069513717,0.2440904742652382
mc_primary_likelihood,dd300m,100,0.2496867198723535,0.23996058345168908,0.25920026171427696,0.2440904742652382
mc_primary_likelihood,dd300m,200,0.2496867198723535,0.24295027772387898,0.25625663875050747,0.2440904742652382
mc_primary_likelihood,dd300m,400,0.2496867198723535,0.24523029084585934,0.2539929550160413,0.2440904742652382
mc_primary_likelihood,dd300m,800,0.2496867198723535,0.24696875783457853,0.2525551474323838,0.2440904742652382
mc_primary_likelihood,dd300m,1600,0.2496867198723535,0.24827643361330026,0.25106530393625903,0.2440904742652382
mc_primary_likelihood,dd300m,2376,0.2496867198723535,0.2496867198723535,0.2496867198723535,0.2440904742652382
mc_primary_likelihood,dd1b,25,0.2500250343420679,0.24058447856960702,0.259490197119467,0.25183996110180673
mc_primary_likelihood,dd1b,50,0.2500250343420679,0.24338346749620482,0.25736126630617906,0.25183996110180673
mc_primary_likelihood,dd1b,100,0.2500250343420679,0.24571968509797593,0.2547371957119457,0.25183996110180673
mc_primary_likelihood,dd1b,200,0.2500250343420679,0.2468981830618638,0.2532080705500111,0.25183996110180673
mc_primary_likelihood,dd1b,400,0.2500250343420679,0.24785160082295227,0.2522309549439881,0.25183996110180673
mc_primary_likelihood,dd1b,800,0.2500250343420679,0.2486281277968545,0.2513353555103823,0.25183996110180673
mc_primary_likelihood,dd1b,1600,0.2500250343420679,0.2493118063791661,0.25068258928449344,0.25183996110180673
mc_primary_likelihood,dd1b,2376,0.2500250343420679,0.2500250343420679,0.2500250343420679,0.25183996110180673
mc_primary_likelihood,qwen1.7b-base,25,0.8827551123781069,0.7882285391908801,0.961377767955172,0.8997700536798837
mc_primary_likelihood,qwen1.7b-base,50,0.8827551123781069,0.8154839266899414,0.935598160383297,0.8997700536798837
mc_primary_likelihood,qwen1.7b-base,100,0.8827551123781069,0.8358431116894828,0.9242659113623534,0.8997700536798837
mc_primary_likelihood,qwen1.7b-base,200,0.8827551123781069,0.8514124673847625,0.9107894012473363,0.8997700536798837
mc_primary_likelihood,qwen1.7b-base,400,0.8827551123781069,0.8619630381849466,0.9029595987283339,0.8997700536798837
mc_primary_likelihood,qwen1.7b-base,800,0.8827551123781069,0.8697759396663113,0.8948629837406523,0.8997700536798837
mc_primary_likelihood,qwen1.7b-base,1600,0.8827551123781069,0.8767471627548635,0.889055157116272,0.8997700536798837
mc_primary_likelihood,qwen1.7b-base,2376,0.8827551123781069,0.8827551123781069,0.8827551123781069,0.8997700536798837
mc_primary_likelihood,qwen1.7b,25,0.8952890365894597,0.7666285238597433,0.9975978640076287,0.9086190784358859
mc_primary_likelihood,qwen1.7b,50,0.8952890365894597,0.8062266148845513,0.9663017111414628,0.9086190784358859
mc_primary_likelihood,qwen1.7b,100,0.8952890365894597,0.8366044886247904,0.9454927951530155,0.9086190784358859
mc_primary_likelihood,qwen1.7b,200,0.8952890365894597,0.8559098225182747,0.9317313165684028,0.9086190784358859
mc_primary_likelihood,qwen1.7b,400,0.8952890365894597,0.8699006449546622,0.9210650807120324,0.9086190784358859
mc_primary_likelihood,qwen1.7b,800,0.8952890365894597,0.8789750653738941,0.91109861312087,0.9086190784358859
mc_primary_likelihood,qwen1.7b,1600,0.8952890365894597,0.8875513013987071,0.9030929112544183,0.9086190784358859
mc_primary_likelihood,qwen1.7b,2376,0.8952890365894597,0.8952890365894597,0.8952890365894597,0.9086190784358859
