series,pair,n,full_diff,lo,hi,item_sd,mdd_80,ours,n_for_80pct_power
rc_primary,dd300m − dd150m,25,0.0787037037037037,-0.08,0.24,0.4421394909241854,0.24759811491754383,0.04,247.42543128756137
rc_primary,dd300m − dd150m,50,0.0787037037037037,-0.04,0.2,0.4421394909241854,0.1750783060672013,0.04,247.42543128756137
rc_primary,dd300m − dd150m,100,0.0787037037037037,0.0,0.17,0.4421394909241854,0.12379905745877191,0.04,247.42543128756137
rc_primary,dd300m − dd150m,200,0.0787037037037037,0.02,0.14,0.4421394909241854,0.08753915303360064,0.04,247.42543128756137
rc_primary,dd300m − dd150m,400,0.0787037037037037,0.04,0.1175,0.4421394909241854,0.06189952872938596,0.04,247.42543128756137
rc_primary,dd300m − dd150m,800,0.0787037037037037,0.05375,0.10375,0.4421394909241854,0.04376957651680032,0.04,247.42543128756137
rc_primary,dd300m − dd150m,1600,0.0787037037037037,0.06625,0.090625,0.4421394909241854,0.03094976436469298,0.04,247.42543128756137
rc_primary,dd300m − dd150m,2376,0.0787037037037037,0.0787037037037037,0.0787037037037037,0.4421394909241854,0.025397684274060528,0.04,247.42543128756137
rc_primary,dd1b − dd150m,25,0.1973905723905724,0.0,0.4,0.4985975369073038,0.2792146206680901,0.12,50.022282821868664
rc_primary,dd1b − dd150m,50,0.1973905723905724,0.06,0.34,0.4985975369073038,0.19743455168083607,0.12,50.022282821868664
rc_primary,dd1b − dd150m,100,0.1973905723905724,0.1,0.3,0.4985975369073038,0.13960731033404505,0.12,50.022282821868664
rc_primary,dd1b − dd150m,200,0.1973905723905724,0.135,0.26,0.4985975369073038,0.09871727584041803,0.12,50.022282821868664
rc_primary,dd1b − dd150m,400,0.1973905723905724,0.1525,0.2425,0.4985975369073038,0.06980365516702253,0.12,50.022282821868664
rc_primary,dd1b − dd150m,800,0.1973905723905724,0.16875,0.22503124999999982,0.4985975369073038,0.04935863792020902,0.12,50.022282821868664
rc_primary,dd1b − dd150m,1600,0.1973905723905724,0.1825,0.210625,0.4985975369073038,0.03490182758351126,0.12,50.022282821868664
rc_primary,dd1b − dd150m,2376,0.1973905723905724,0.1973905723905724,0.1973905723905724,0.4985975369073038,0.028640786634386687,0.12,50.022282821868664
rc_primary,dd1b − dd300m,25,0.11868686868686869,-0.04,0.28,0.4507445550503034,0.2524169508281699,0.08,113.07632803221269
rc_primary,dd1b − dd300m,50,0.11868686868686869,0.0,0.24,0.4507445550503034,0.17848573761703027,0.08,113.07632803221269
rc_primary,dd1b − dd300m,100,0.11868686868686869,0.03,0.21,0.4507445550503034,0.12620847541408495,0.08,113.07632803221269
rc_primary,dd1b − dd300m,200,0.11868686868686869,0.06,0.18,0.4507445550503034,0.08924286880851513,0.08,113.07632803221269
rc_primary,dd1b − dd300m,400,0.11868686868686869,0.0775,0.16,0.4507445550503034,0.06310423770704247,0.08,113.07632803221269
rc_primary,dd1b − dd300m,800,0.11868686868686869,0.09375,0.1425,0.4507445550503034,0.044621434404257566,0.08,113.07632803221269
rc_primary,dd1b − dd300m,1600,0.11868686868686869,0.105625,0.13125,0.4507445550503034,0.03155211885352124,0.08,113.07632803221269
rc_primary,dd1b − dd300m,2376,0.11868686868686869,0.11868686868686869,0.11868686868686869,0.4507445550503034,0.025891982354913624,0.08,113.07632803221269
mc_primary,dd300m − dd150m,25,-0.01430976430976431,-0.24,0.20099999999999454,0.5938326781930086,0.33254629978808475,-0.12,13501.41500887998
mc_primary,dd300m − dd150m,50,-0.01430976430976431,-0.18,0.14,0.5938326781930086,0.2351457436386493,-0.12,13501.41500887998
mc_primary,dd300m − dd150m,100,-0.01430976430976431,-0.12024999999999998,0.1,0.5938326781930086,0.16627314989404238,-0.12,13501.41500887998
mc_primary,dd300m − dd150m,200,-0.01430976430976431,-0.09,0.065,0.5938326781930086,0.11757287181932465,-0.12,13501.41500887998
mc_primary,dd300m − dd150m,400,-0.01430976430976431,-0.0675,0.0375,0.5938326781930086,0.08313657494702119,-0.12,13501.41500887998
mc_primary,dd300m − dd150m,800,-0.01430976430976431,-0.04875,0.02,0.5938326781930086,0.05878643590966232,-0.12,13501.41500887998
mc_primary,dd300m − dd150m,1600,-0.01430976430976431,-0.03125,0.001875,0.5938326781930086,0.041568287473510594,-0.12,13501.41500887998
mc_primary,dd300m − dd150m,2376,-0.01430976430976431,-0.01430976430976431,-0.01430976430976431,0.5938326781930086,0.034111349883812925,-0.12,13501.41500887998
mc_primary,dd1b − dd150m,25,-0.02441077441077441,-0.28,0.2,0.6339796360947334,0.3550285962130507,-0.03,5288.147553824395
mc_primary,dd1b − dd150m,50,-0.02441077441077441,-0.18,0.16,0.6339796360947334,0.25104312789738875,-0.03,5288.147553824395
mc_primary,dd1b − dd150m,100,-0.02441077441077441,-0.15,0.1,0.6339796360947334,0.17751429810652536,-0.03,5288.147553824395
mc_primary,dd1b − dd150m,200,-0.02441077441077441,-0.105,0.06,0.6339796360947334,0.12552156394869438,-0.03,5288.147553824395
mc_primary,dd1b − dd150m,400,-0.02441077441077441,-0.08,0.0325,0.6339796360947334,0.08875714905326268,-0.03,5288.147553824395
mc_primary,dd1b − dd150m,800,-0.02441077441077441,-0.06,0.0125,0.6339796360947334,0.06276078197434719,-0.03,5288.147553824395
mc_primary,dd1b − dd150m,1600,-0.02441077441077441,-0.041875,-0.00625,0.6339796360947334,0.04437857452663134,-0.03,5288.147553824395
mc_primary,dd1b − dd150m,2376,-0.02441077441077441,-0.02441077441077441,-0.02441077441077441,0.6339796360947334,0.03641749937346991,-0.03,5288.147553824395
mc_primary,dd1b − dd300m,25,-0.010101010101010102,-0.28,0.24,0.6058513195261779,0.3392767389346596,0.09,28204.510585263157
mc_primary,dd1b − dd300m,50,-0.010101010101010102,-0.18,0.16,0.6058513195261779,0.23990488279955574,0.09,28204.510585263157
mc_primary,dd1b − dd300m,100,-0.010101010101010102,-0.13,0.11,0.6058513195261779,0.1696383694673298,0.09,28204.510585263157
mc_primary,dd1b − dd300m,200,-0.010101010101010102,-0.09,0.075,0.6058513195261779,0.11995244139977787,0.09,28204.510585263157
mc_primary,dd1b − dd300m,400,-0.010101010101010102,-0.0625,0.0425,0.6058513195261779,0.0848191847336649,0.09,28204.510585263157
mc_primary,dd1b − dd300m,800,-0.010101010101010102,-0.04375,0.02375,0.6058513195261779,0.059976220699888935,0.09,28204.510585263157
mc_primary,dd1b − dd300m,1600,-0.010101010101010102,-0.026875,0.00625,0.6058513195261779,0.04240959236683245,0.09,28204.510585263157
mc_primary,dd1b − dd300m,2376,-0.010101010101010102,-0.010101010101010102,-0.010101010101010102,0.6058513195261779,0.03480173304172756,0.09,28204.510585263157
rc_primary_likelihood,dd300m − dd150m,25,0.009016656323051337,-0.0014296261565922123,0.02116464659575049,0.02858075948722606,0.01600522531284659,0.009072699477009455,78.77212478565909
rc_primary_likelihood,dd300m − dd150m,50,0.009016656323051337,0.0009095053371584651,0.017175490657606707,0.02858075948722606,0.011317403353132405,0.009072699477009455,78.77212478565909
rc_primary_likelihood,dd300m − dd150m,100,0.009016656323051337,0.0039643435636426425,0.014787170013164474,0.02858075948722606,0.008002612656423295,0.009072699477009455,78.77212478565909
rc_primary_likelihood,dd300m − dd150m,200,0.009016656323051337,0.005215010390414935,0.012825898349698845,0.02858075948722606,0.005658701676566203,0.009072699477009455,78.77212478565909
rc_primary_likelihood,dd300m − dd150m,400,0.009016656323051337,0.006565435884463042,0.011689538789183055,0.02858075948722606,0.004001306328211648,0.009072699477009455,78.77212478565909
rc_primary_likelihood,dd300m − dd150m,800,0.009016656323051337,0.007431474611467878,0.010630938663071451,0.02858075948722606,0.0028293508382831014,0.009072699477009455,78.77212478565909
rc_primary_likelihood,dd300m − dd150m,1600,0.009016656323051337,0.008237234106086073,0.009772987349829383,0.02858075948722606,0.002000653164105824,0.009072699477009455,78.77212478565909
rc_primary_likelihood,dd300m − dd150m,2376,0.009016656323051337,0.009016656323051337,0.009016656323051337,0.02858075948722606,0.0016417558726820366,0.009072699477009455,78.77212478565909
rc_primary_likelihood,dd1b − dd150m,25,0.027468764414615692,0.010382810992520853,0.04694585967874343,0.04438728982053967,0.02485688229950221,0.024539025838129756,20.47175479834315
rc_primary_likelihood,dd1b − dd150m,50,0.027468764414615692,0.01629967653062238,0.04047023183675454,0.04438728982053967,0.017576470033133874,0.024539025838129756,20.47175479834315
rc_primary_likelihood,dd1b − dd150m,100,0.027468764414615692,0.01958439416529534,0.03649473792442133,0.04438728982053967,0.012428441149751106,0.024539025838129756,20.47175479834315
rc_primary_likelihood,dd1b − dd150m,200,0.027468764414615692,0.021822454914412127,0.03344167147309544,0.04438728982053967,0.008788235016566937,0.024539025838129756,20.47175479834315
rc_primary_likelihood,dd1b − dd150m,400,0.027468764414615692,0.02364755170793388,0.031598956633417,0.04438728982053967,0.006214220574875553,0.024539025838129756,20.47175479834315
rc_primary_likelihood,dd1b − dd150m,800,0.027468764414615692,0.025020180865106247,0.029981745933880193,0.04438728982053967,0.004394117508283469,0.024539025838129756,20.47175479834315
rc_primary_likelihood,dd1b − dd150m,1600,0.027468764414615692,0.026193861892504573,0.028645758344284757,0.04438728982053967,0.0031071102874377764,0.024539025838129756,20.47175479834315
rc_primary_likelihood,dd1b − dd150m,2376,0.027468764414615692,0.027468764414615692,0.027468764414615692,0.04438728982053967,0.002549725586119593,0.024539025838129756,20.47175479834315
rc_primary_likelihood,dd1b − dd300m,25,0.018452108091564355,0.005461269566936584,0.033160798448206616,0.03464361538438714,0.019400424615256796,0.0154663263611203,27.63570190148171
rc_primary_likelihood,dd1b − dd300m,50,0.018452108091564355,0.008834484318096449,0.028404386225358368,0.03464361538438714,0.013718171803346498,0.0154663263611203,27.63570190148171
rc_primary_likelihood,dd1b − dd300m,100,0.018452108091564355,0.01195067942439169,0.02498813651470476,0.03464361538438714,0.009700212307628398,0.0154663263611203,27.63570190148171
rc_primary_likelihood,dd1b − dd300m,200,0.018452108091564355,0.013987035787869126,0.02328299966997461,0.03464361538438714,0.006859085901673249,0.0154663263611203,27.63570190148171
rc_primary_likelihood,dd1b − dd300m,400,0.018452108091564355,0.015534113611724035,0.021585548070036716,0.03464361538438714,0.004850106153814199,0.0154663263611203,27.63570190148171
rc_primary_likelihood,dd1b − dd300m,800,0.018452108091564355,0.01653500541328609,0.020356137739437768,0.03464361538438714,0.0034295429508366245,0.0154663263611203,27.63570190148171
rc_primary_likelihood,dd1b − dd300m,1600,0.018452108091564355,0.017426459567337956,0.019428278876372055,0.03464361538438714,0.0024250530769070995,0.0154663263611203,27.63570190148171
rc_primary_likelihood,dd1b − dd300m,2376,0.018452108091564355,0.018452108091564355,0.018452108091564355,0.03464361538438714,0.0019900226596034224,0.0154663263611203,27.63570190148171
mc_primary_likelihood,dd300m − dd150m,25,-0.0011022137698798358,-0.02880102806631347,0.02807241136562998,0.07218386967300189,0.040422967016881056,-0.006122354673387219,33625.187793534
mc_primary_likelihood,dd300m − dd150m,50,-0.0011022137698798358,-0.021119470300278206,0.018502220141614203,0.07218386967300189,0.028583354093316738,-0.006122354673387219,33625.187793534
mc_primary_likelihood,dd300m − dd150m,100,-0.0011022137698798358,-0.015394664342721428,0.012632955795713588,0.07218386967300189,0.020211483508440528,-0.006122354673387219,33625.187793534
mc_primary_likelihood,dd300m − dd150m,200,-0.0011022137698798358,-0.01116936422953933,0.008396853650769693,0.07218386967300189,0.014291677046658369,-0.006122354673387219,33625.187793534
mc_primary_likelihood,dd300m − dd150m,400,-0.0011022137698798358,-0.007588694069187468,0.005694974167655636,0.07218386967300189,0.010105741754220264,-0.006122354673387219,33625.187793534
mc_primary_likelihood,dd300m − dd150m,800,-0.0011022137698798358,-0.005120664557159247,0.002986952215390426,0.07218386967300189,0.0071458385233291845,-0.006122354673387219,33625.187793534
mc_primary_likelihood,dd300m − dd150m,1600,-0.0011022137698798358,-0.00308401741414873,0.0008505349023887847,0.07218386967300189,0.005052870877110132,-0.006122354673387219,33625.187793534
mc_primary_likelihood,dd300m − dd150m,2376,-0.0011022137698798358,-0.0011022137698798358,-0.0011022137698798358,0.07218386967300189,0.004146436066596899,-0.006122354673387219,33625.187793534
mc_primary_likelihood,dd1b − dd150m,25,-0.0007638993001653547,-0.02438913780030615,0.022089406083563128,0.06029590471790191,0.033765706642025065,0.0016271321631812854,48844.92761249868
mc_primary_likelihood,dd1b − dd150m,50,-0.0007638993001653547,-0.016718556043102125,0.01655285947365607,0.06029590471790191,0.023875960138131574,0.0016271321631812854,48844.92761249868
mc_primary_likelihood,dd1b − dd150m,100,-0.0007638993001653547,-0.012958338369959478,0.011191486997516209,0.06029590471790191,0.016882853321012532,0.0016271321631812854,48844.92761249868
mc_primary_likelihood,dd1b − dd150m,200,-0.0007638993001653547,-0.008650118165272325,0.007686479127407793,0.06029590471790191,0.011937980069065787,0.0016271321631812854,48844.92761249868
mc_primary_likelihood,dd1b − dd150m,400,-0.0007638993001653547,-0.006281794607510949,0.0045969826842777815,0.06029590471790191,0.008441426660506266,0.0016271321631812854,48844.92761249868
mc_primary_likelihood,dd1b − dd150m,800,-0.0007638993001653547,-0.00401782231281762,0.002514209285774775,0.06029590471790191,0.0059689900345328934,0.0016271321631812854,48844.92761249868
mc_primary_likelihood,dd1b − dd150m,1600,-0.0007638993001653547,-0.0024705243409981568,0.0008877229097638161,0.06029590471790191,0.004220713330253133,0.0016271321631812854,48844.92761249868
mc_primary_likelihood,dd1b − dd150m,2376,-0.0007638993001653547,-0.0007638993001653547,-0.0007638993001653547,0.06029590471790191,0.0034635593121146863,0.0016271321631812854,48844.92761249868
mc_primary_likelihood,dd1b − dd300m,25,0.00033831446971448116,-0.018588436604829218,0.020407380854694946,0.05182548254445156,0.02902227022489287,0.007749486836568506,183976.19211242604
mc_primary_likelihood,dd1b − dd300m,50,0.00033831446971448116,-0.014623754065756313,0.014322616977393133,0.05182548254445156,0.020521844081450177,0.007749486836568506,183976.19211242604
mc_primary_likelihood,dd1b − dd300m,100,0.00033831446971448116,-0.009896858633133289,0.010274923164052053,0.05182548254445156,0.014511135112446436,0.007749486836568506,183976.19211242604
mc_primary_likelihood,dd1b − dd300m,200,0.00033831446971448116,-0.006478232130624547,0.007175459402879003,0.05182548254445156,0.010260922040725089,0.007749486836568506,183976.19211242604
mc_primary_likelihood,dd1b − dd300m,400,0.00033831446971448116,-0.004091990898988858,0.004758039018573698,0.05182548254445156,0.007255567556223218,0.007749486836568506,183976.19211242604
mc_primary_likelihood,dd1b − dd300m,800,0.00033831446971448116,-0.0025427219249239954,0.003440308816048316,0.05182548254445156,0.005130461020362544,0.007749486836568506,183976.19211242604
mc_primary_likelihood,dd1b − dd300m,1600,0.00033831446971448116,-0.0011512100632671506,0.0017663393040182988,0.05182548254445156,0.003627783778111609,0.007749486836568506,183976.19211242604
mc_primary_likelihood,dd1b − dd300m,2376,0.00033831446971448116,0.00033831446971448116,0.00033831446971448116,0.05182548254445156,0.002976995427989298,0.007749486836568506,183976.19211242604
