n,series,full_mean,sub_lo,sub_hi,sub_halfwidth,boot_halfwidth_avg,item_sd,mdd_80
25,rc_primary,0.8312289562289562,0.68,0.96,0.13999999999999996,0.131825,0.374628411796802,0.2097919106062091
25,mc_primary,0.9255050505050505,0.8,1.0,0.09999999999999998,0.08521499999999999,0.2626299329069179,0.147072762427874
25,diff_primary,-0.09427609427609428,-0.28,0.08,0.18000000000000002,0.14806499999999997,0.41186720132747684,0.230645632743387
25,rc_primary_likelihood,0.3410521233971711,0.3104637901611878,0.3760512258099619,0.03279371782438706,0.03083056174205931,0.08302163713549068,0.046492116795874776
25,mc_primary_likelihood,0.8827551123781069,0.7868176474533946,0.9585274460737332,0.08585489931016932,0.07957344931172002,0.2244004627335452,0.1256642591307853
25,diff_primary_likelihood,-0.5417029889809357,-0.6127227400618457,-0.4476232644282583,0.0825497378167937,0.07627963184193251,0.21468427193165932,0.12022319228172922
50,rc_primary,0.8312289562289562,0.72,0.92,0.10000000000000003,0.09931749999999998,0.374628411796802,0.14834528262773244
50,mc_primary,0.9255050505050505,0.84,0.98,0.07,0.0666075,0.2626299329069179,0.1039961476405878
50,diff_primary,-0.09427609427609428,-0.2,0.02,0.11,0.113025,0.41186720132747684,0.16309109096391095
50,rc_primary_likelihood,0.3410521233971711,0.31969546406868793,0.36530177274081665,0.022803154336064363,0.02220313538265495,0.08302163713549068,0.03287489105808004
50,mc_primary_likelihood,0.8827551123781069,0.8179969865350009,0.9390633159926808,0.06053316472883996,0.06074433811962324,0.2244004627335452,0.0888580497841618
50,diff_primary_likelihood,-0.5417029889809357,-0.5981352572644764,-0.4807840114287373,0.05867562291786954,0.05770170240854366,0.21468427193165932,0.08501063451830493
100,rc_primary,0.8312289562289562,0.75,0.9,0.07500000000000001,0.071215,0.374628411796802,0.10489595530310455
100,mc_primary,0.9255050505050505,0.87,0.97,0.04999999999999999,0.048058749999999976,0.2626299329069179,0.073536381213937
100,diff_primary,-0.09427609427609428,-0.17,-0.02,0.07500000000000001,0.0769625,0.41186720132747684,0.1153228163716935
100,rc_primary_likelihood,0.3410521233971711,0.3249544472293091,0.35814413455786653,0.016594843664278713,0.016027118032094594,0.08302163713549068,0.023246058397937388
100,mc_primary_likelihood,0.8827551123781069,0.8368983467044605,0.9227887777505829,0.042945215523061187,0.04286935461614254,0.2244004627335452,0.06283212956539265
100,diff_primary_likelihood,-0.5417029889809357,-0.5807535046358746,-0.49825738787464313,0.04124805838061574,0.041596654992553966,0.21468427193165932,0.06011159614086461
200,rc_primary,0.8312289562289562,0.78,0.88,0.04999999999999999,0.05106187500000001,0.374628411796802,0.07417264131386622
200,mc_primary,0.9255050505050505,0.89,0.96,0.034999999999999976,0.03603062499999999,0.2626299329069179,0.0519980738202939
200,diff_primary,-0.09427609427609428,-0.15,-0.04,0.05499999999999999,0.05663312499999999,0.41186720132747684,0.08154554548195547
200,rc_primary_likelihood,0.3410521233971711,0.33045194489297836,0.3529765210375274,0.011262288072274529,0.011276297779878298,0.08302163713549068,0.01643744552904002
200,mc_primary_likelihood,0.8827551123781069,0.8502745006423504,0.9134594826990019,0.03159249102832573,0.03087201746103924,0.2244004627335452,0.0444290248920809
200,diff_primary_likelihood,-0.5417029889809357,-0.5702004710141568,-0.5123765593309413,0.028911955841607773,0.02929635912669482,0.21468427193165932,0.042505317259152464
400,rc_primary,0.8312289562289562,0.7975,0.865,0.03375,0.035844375,0.374628411796802,0.05244797765155228
400,mc_primary,0.9255050505050505,0.9025,0.9475,0.02250000000000002,0.025380625,0.2626299329069179,0.0367681906069685
400,diff_primary,-0.09427609427609428,-0.13,-0.05743750000000034,0.036281249999999834,0.039796874999999995,0.41186720132747684,0.05766140818584675
400,rc_primary_likelihood,0.3410521233971711,0.3334998005607749,0.3488599713141677,0.0076800853766963995,0.008080868827452436,0.08302163713549068,0.011623029198968694
400,mc_primary_likelihood,0.8827551123781069,0.8627999129569732,0.9031450264156742,0.020172556729350477,0.021654501633449223,0.2244004627335452,0.031416064782696325
400,diff_primary_likelihood,-0.5417029889809357,-0.5606896863872052,-0.5225251515862417,0.019082267400481745,0.020891770914136503,0.21468427193165932,0.030055798070432304
800,rc_primary,0.8312289562289562,0.81125,0.85375,0.02124999999999999,0.025991718749999993,0.374628411796802,0.03708632065693311
800,mc_primary,0.9255050505050505,0.91,0.94,0.014999999999999958,0.017993749999999996,0.2626299329069179,0.02599903691014695
800,diff_primary,-0.09427609427609428,-0.11875,-0.07125,0.02375,0.028213749999999992,0.41186720132747684,0.040772772740977736
800,rc_primary_likelihood,0.3410521233971711,0.33649182475529743,0.34592008159620496,0.004714128420453767,0.005694902718723716,0.08302163713549068,0.00821872276452001
800,mc_primary_likelihood,0.8827551123781069,0.8694789830603293,0.8960757988873672,0.01329840791351894,0.015485780479618006,0.2244004627335452,0.02221451244604045
800,diff_primary_likelihood,-0.5417029889809357,-0.553651793840658,-0.529309489294963,0.012171152272847485,0.014751018789602664,0.21468427193165932,0.021252658629576232
1600,rc_primary,0.8312289562289562,0.82125,0.841890625,0.010320312499999984,0.018189218749999986,0.374628411796802,0.02622398882577614
1600,mc_primary,0.9255050505050505,0.918734375,0.932515625,0.006890624999999984,0.012839999999999994,0.2626299329069179,0.01838409530348425
1600,diff_primary,-0.09427609427609428,-0.10625,-0.0825,0.011874999999999997,0.020097578124999998,0.41186720132747684,0.028830704092923376
1600,rc_primary_likelihood,0.3410521233971711,0.3386871511381349,0.3433017961650525,0.002307322513458804,0.004056301880648165,0.08302163713549068,0.005811514599484347
1600,mc_primary_likelihood,0.8827551123781069,0.8768779905122878,0.8889395574372062,0.006030783462459222,0.010971318469078728,0.2244004627335452,0.015708032391348162
1600,diff_primary_likelihood,-0.5417029889809357,-0.547895257684383,-0.5354316505611046,0.00623180356163916,0.010466331229573602,0.21468427193165932,0.015027899035216152
2376,rc_primary,0.8312289562289562,0.8312289562289562,0.8312289562289562,0.0,0.015361952861952854,0.374628411796802,0.02151966589326764
2376,mc_primary,0.9255050505050505,0.9255050505050505,0.9255050505050505,0.0,0.010311447811447771,0.2626299329069179,0.015086171341413499
2376,diff_primary,-0.09427609427609428,-0.09427609427609428,-0.09427609427609428,0.0,0.017261153198653192,0.41186720132747684,0.023658762351879258
2376,rc_primary_likelihood,0.3410521233971711,0.3410521233971711,0.3410521233971711,0.0,0.00327390707288297,0.08302163713549068,0.004768986645991253
2376,mc_primary_likelihood,0.8827551123781069,0.8827551123781069,0.8827551123781069,0.0,0.009241585186265389,0.2244004627335452,0.01289016751601799
2376,diff_primary_likelihood,-0.5417029889809357,-0.5417029889809357,-0.5417029889809357,0.0,0.00848542806333985,0.21468427193165932,0.012332043323544213
