series,model,mean,lo,hi
rc_primary,DD 150M,0.5092592592592593,0.4890572390572391,0.5294612794612794
rc_primary,DD 300M,0.5879629629629629,0.5669191919191919,0.6073232323232324
rc_primary,DD 1B,0.7066498316498316,0.688973063973064,0.7243265993265994
rc_primary,Qwen3-1.7B-Base,0.8312289562289562,0.8160774410774411,0.8455387205387206
rc_primary,Qwen3-1.7B,0.7946127946127947,0.7790404040404041,0.8101851851851852
mc_primary,DD 150M,0.2617845117845118,0.24452861952861954,0.2786195286195286
mc_primary,DD 300M,0.2474747474747475,0.23063973063973064,0.2647306397306397
mc_primary,DD 1B,0.23737373737373738,0.22053872053872053,0.25464015151515146
mc_primary,Qwen3-1.7B-Base,0.9255050505050505,0.914983164983165,0.936026936026936
mc_primary,Qwen3-1.7B,0.8968855218855218,0.8846801346801347,0.9091014309764309
rc_primary_likelihood,DD 150M,0.2806117015697973,0.2787656236265458,0.2825821976356273
rc_primary_likelihood,DD 300M,0.2896283578928486,0.2875303573422666,0.2918372575684554
rc_primary_likelihood,DD 1B,0.30808046598441297,0.30558262860571994,0.3105980587022741
rc_primary_likelihood,Qwen3-1.7B-Base,0.34105212339717106,0.3377193747311602,0.3445943715594416
rc_primary_likelihood,Qwen3-1.7B,0.4143243440113883,0.4082329589715972,0.4206955920100794
mc_primary_likelihood,DD 150M,0.2507889336422333,0.24872450756197778,0.25302865176390194
mc_primary_likelihood,DD 300M,0.2496867198723535,0.24770585002874462,0.2516301692181069
mc_primary_likelihood,DD 1B,0.2500250343420679,0.24902367025395236,0.2509407529964206
mc_primary_likelihood,Qwen3-1.7B-Base,0.8827551123781069,0.8734999849609558,0.8912725088056798
mc_primary_likelihood,Qwen3-1.7B,0.8952890365894597,0.8830968165969993,0.9065024523879643
