model,subset,formulation,format,metric,mean,diff,se,ci_lo,ci_hi,n
pythia160m,train,mc,canonical,primary,0.25,0.0,0.0,0.0,0.0,300
pythia160m,train,mc,canonical,primary_likelihood,0.24174861172853165,0.0,0.0,0.0,0.0,300
pythia160m,train,mc,choice_sep=none,primary,0.25,0.0,0.018287923898986373,-0.033416666666666664,0.03666666666666667,300
pythia160m,train,mc,choice_sep=none,primary_likelihood,0.2426961824127548,0.000947570684223142,0.0025981939515716517,-0.003907609036819561,0.005911513718837215,300
pythia160m,train,mc,choice_sep=tab,primary,0.22333333333333333,-0.02666666666666667,0.016955140059383058,-0.06,0.006666666666666667,300
pythia160m,train,mc,choice_sep=tab,primary_likelihood,0.24165274915665236,-9.58625718793027e-05,0.003026750527963527,-0.00592516988510636,0.005597026901379936,300
pythia160m,train,mc,desc=input_output,primary,0.24666666666666667,-0.0033333333333333335,0.025207426368235142,-0.05333333333333334,0.04666666666666667,300
pythia160m,train,mc,desc=input_output,primary_likelihood,0.24237279810190052,0.0006241863733688564,0.006905911430269229,-0.013467363956690728,0.014205887079797969,300
pythia160m,train,mc,desc=q_a,primary,0.24333333333333335,-0.006666666666666667,0.02542540330865284,-0.056666666666666664,0.04666666666666667,300
pythia160m,train,mc,desc=q_a,primary_likelihood,0.24545519994827988,0.0037065882197481917,0.011978780009035994,-0.019951491341931957,0.027229530991622997,300
pythia160m,train,mc,desc=random_phrase,primary,0.25333333333333335,0.0033333333333333335,0.030418241510214952,-0.05333333333333334,0.06333333333333334,300
pythia160m,train,mc,desc=random_phrase,primary_likelihood,0.24555870712846703,0.00381009539993541,0.006238312269609269,-0.00806042385922702,0.015455723358566542,300
pythia160m,train,mc,desc=random_vocab,primary,0.24666666666666667,-0.0033333333333333335,0.022397211431246285,-0.04666666666666667,0.04,300
pythia160m,train,mc,desc=random_vocab,primary_likelihood,0.24478327987916487,0.003034668150633229,0.005226537995417303,-0.007289435008011574,0.013164892009224737,300
pythia160m,train,mc,sep=colon_newline,primary,0.25,0.0,0.022147775707389634,-0.043333333333333335,0.043333333333333335,300
pythia160m,train,mc,sep=colon_newline,primary_likelihood,0.24509834378765163,0.003349732059120001,0.005773860990449189,-0.00809386621603238,0.01462305473805561,300
pythia160m,train,mc,sep=dash,primary,0.23666666666666666,-0.013333333333333334,0.020018571830540823,-0.05,0.02666666666666667,300
pythia160m,train,mc,sep=dash,primary_likelihood,0.24301049172745062,0.0012618799989189914,0.004481082668930836,-0.007376577776378749,0.00977475944984392,300
pythia160m,train,mc,shots=0,primary,0.26666666666666666,0.016666666666666666,0.03641037417350278,-0.05,0.09,300
pythia160m,train,mc,shots=0,primary_likelihood,0.2588583186104213,0.017109706881889647,0.018147802806971716,-0.01877797518293791,0.054126683775509714,300
pythia160m,train,mc,shots=1,primary,0.26,0.01,0.034533037192636985,-0.05333333333333334,0.07666666666666666,300
pythia160m,train,mc,shots=1,primary_likelihood,0.2528328609554248,0.01108424922689314,0.009086207832448503,-0.006237096245264957,0.028710654093469748,300
pythia160m,train,rc,canonical,primary,0.4033333333333333,0.0,0.0,0.0,0.0,300
pythia160m,train,rc,canonical,primary_likelihood,0.267884030911241,0.0,0.0,0.0,0.0,300
pythia160m,train,rc,desc=input_output,primary,0.38,-0.023333333333333334,0.01286091737933101,-0.05,8.333333333287859e-05,300
pythia160m,train,rc,desc=input_output,primary_likelihood,0.26679612888760856,-0.0010879020236324547,0.0006048004260088152,-0.00225766253407265,0.0001107697773533271,300
pythia160m,train,rc,desc=q_a,primary,0.36666666666666664,-0.03666666666666667,0.01439863530425875,-0.07,-0.01,300
pythia160m,train,rc,desc=q_a,primary_likelihood,0.2673837391743466,-0.0005002917368943943,0.0004638432649885152,-0.001407583180086269,0.0004221645220785152,300
pythia160m,train,rc,desc=random_phrase,primary,0.39666666666666667,-0.006666666666666667,0.014927049163509851,-0.03666666666666667,0.023333333333333334,300
pythia160m,train,rc,desc=random_phrase,primary_likelihood,0.266860103780118,-0.001023927131123016,0.0006999710202601457,-0.0023374844994551807,0.0004099534412327883,300
pythia160m,train,rc,desc=random_vocab,primary,0.36333333333333334,-0.04,0.015489054645905841,-0.07,-0.01,300
pythia160m,train,rc,desc=random_vocab,primary_likelihood,0.2661448121865578,-0.001739218724683201,0.000772585084898661,-0.003281670231581795,-0.00022678324988967329,300
pythia160m,train,rc,sep=colon_newline,primary,0.38,-0.023333333333333334,0.01286091737933101,-0.05,0.0033333333333333335,300
pythia160m,train,rc,sep=colon_newline,primary_likelihood,0.2677087093302434,-0.00017532158099763126,0.0006231409728067158,-0.001302127552308403,0.0011080936629196255,300
pythia160m,train,rc,sep=dash,primary,0.3933333333333333,-0.01,0.01291857701556264,-0.03666666666666667,0.013333333333333334,300
pythia160m,train,rc,sep=dash,primary_likelihood,0.2677510516986571,-0.00013297921258389458,0.0006548219121519776,-0.0013281412451533162,0.001177246962767142,300
pythia160m,train,rc,shots=0,primary,0.37666666666666665,-0.02666666666666667,0.023559187228369954,-0.07333333333333333,0.016666666666666666,300
pythia160m,train,rc,shots=0,primary_likelihood,0.26645708308999017,-0.0014269478212508594,0.0013102469486826309,-0.0041040367659481835,0.0008990529846943172,300
pythia160m,train,rc,shots=1,primary,0.38,-0.023333333333333334,0.019707070715728484,-0.06333333333333334,0.016666666666666666,300
pythia160m,train,rc,shots=1,primary_likelihood,0.26609668610077625,-0.001787344810464769,0.0010386232404598268,-0.003718923295721843,0.0002760242928316944,300
pythia160m,dev,mc,canonical,primary,0.26,0.0,0.0,0.0,0.0,300
pythia160m,dev,mc,canonical,primary_likelihood,0.2546099910391491,0.0,0.0,0.0,0.0,300
pythia160m,dev,mc,choice_sep=none,primary,0.24,-0.02,0.020549855085515187,-0.056666666666666664,0.02,300
pythia160m,dev,mc,choice_sep=none,primary_likelihood,0.25375748866584674,-0.0008525023733024358,0.002996530173448943,-0.006860337416011438,0.005157000961086774,300
pythia160m,dev,mc,choice_sep=tab,primary,0.24,-0.02,0.020549855085515187,-0.06,0.02,300
pythia160m,dev,mc,choice_sep=tab,primary_likelihood,0.25349628188655504,-0.001113709152594085,0.003211715469888737,-0.007192897184957461,0.0052341665564921746,300
pythia160m,dev,mc,desc=input_output,primary,0.26666666666666666,0.006666666666666667,0.023606460074838777,-0.03666666666666667,0.056666666666666664,300
pythia160m,dev,mc,desc=input_output,primary_likelihood,0.25932029976598947,0.004710308726840333,0.007105099668758822,-0.008765884699225804,0.019084750564045364,300
pythia160m,dev,mc,desc=q_a,primary,0.26666666666666666,0.006666666666666667,0.023606460074838777,-0.03666666666666667,0.05333333333333334,300
pythia160m,dev,mc,desc=q_a,primary_likelihood,0.2584985183207633,0.0038885272816141757,0.012071671945558044,-0.01944817373879009,0.028794443569459052,300
pythia160m,dev,mc,desc=random_phrase,primary,0.23666666666666666,-0.023333333333333334,0.030388907401400767,-0.08666666666666667,0.03333333333333333,300
pythia160m,dev,mc,desc=random_phrase,primary_likelihood,0.25569849841987174,0.0010885073807226176,0.006915259299202134,-0.011687512038194613,0.014545055795489172,300
pythia160m,dev,mc,desc=random_vocab,primary,0.25666666666666665,-0.0033333333333333335,0.02239721143124629,-0.04666666666666667,0.04,300
pythia160m,dev,mc,desc=random_vocab,primary_likelihood,0.25457034296433884,-3.9648074810293794e-05,0.0055215461296170215,-0.011330208069724745,0.01079457988738191,300
pythia160m,dev,mc,sep=colon_newline,primary,0.24666666666666667,-0.013333333333333334,0.02056793042992408,-0.05333333333333334,0.02666666666666667,300
pythia160m,dev,mc,sep=colon_newline,primary_likelihood,0.2530116724292178,-0.001598318609931311,0.005459996791805434,-0.011608892916300679,0.008093450794347676,300
pythia160m,dev,mc,sep=dash,primary,0.24666666666666667,-0.013333333333333334,0.02110299282580249,-0.05333333333333334,0.02666666666666667,300
pythia160m,dev,mc,sep=dash,primary_likelihood,0.25640308533814493,0.001793094298995831,0.004322889270291826,-0.006542709299914192,0.010255862698435021,300
pythia160m,dev,mc,shots=0,primary,0.24666666666666667,-0.013333333333333334,0.038353322305204496,-0.08666666666666667,0.06,300
pythia160m,dev,mc,shots=0,primary_likelihood,0.2445142748347005,-0.010095716204448563,0.017930290119909653,-0.043705465146115695,0.024973503725158004,300
pythia160m,dev,mc,shots=1,primary,0.24,-0.02,0.03435664479032558,-0.09,0.04666666666666667,300
pythia160m,dev,mc,shots=1,primary_likelihood,0.24800839376405984,-0.006601597275089317,0.00906176304813739,-0.02381942174269326,0.011702801855894486,300
pythia160m,dev,rc,canonical,primary,0.4066666666666667,0.0,0.0,0.0,0.0,300
pythia160m,dev,rc,canonical,primary_likelihood,0.27050341106866893,0.0,0.0,0.0,0.0,300
pythia160m,dev,rc,desc=input_output,primary,0.4,-0.006666666666666667,0.01766360588533774,-0.04,0.02666666666666667,300
pythia160m,dev,rc,desc=input_output,primary_likelihood,0.27044048722040714,-6.292384826186354e-05,0.0006597721629025135,-0.0012957158559025056,0.0012727484042839212,300
pythia160m,dev,rc,desc=q_a,primary,0.39,-0.016666666666666666,0.014521988351143737,-0.04666666666666667,0.013333333333333334,300
pythia160m,dev,rc,desc=q_a,primary_likelihood,0.2707414876920727,0.00023807662340374024,0.00054975640642015,-0.0008245439491265659,0.0012999256198648326,300
pythia160m,dev,rc,desc=random_phrase,primary,0.39666666666666667,-0.01,0.017339806697915353,-0.043333333333333335,0.023333333333333334,300
pythia160m,dev,rc,desc=random_phrase,primary_likelihood,0.270589373348051,8.596227938199965e-05,0.0007890041565134297,-0.0014655661413791674,0.001558450615930889,300
pythia160m,dev,rc,desc=random_vocab,primary,0.38333333333333336,-0.023333333333333334,0.017296891629770512,-0.056666666666666664,0.01,300
pythia160m,dev,rc,desc=random_vocab,primary_likelihood,0.26917661455185504,-0.0013267965168139032,0.0007643911995703038,-0.002811568963806685,0.00021563325608422334,300
pythia160m,dev,rc,sep=colon_newline,primary,0.4166666666666667,0.01,0.012918577015562642,-0.016666666666666666,0.03666666666666667,300
pythia160m,dev,rc,sep=colon_newline,primary_likelihood,0.27108689851734125,0.0005834874486722957,0.0006596953462332283,-0.0007106001266156206,0.001897736643554035,300
pythia160m,dev,rc,sep=dash,primary,0.41333333333333333,0.006666666666666667,0.013350045268031536,-0.016666666666666666,0.03333333333333333,300
pythia160m,dev,rc,sep=dash,primary_likelihood,0.27002838950329733,-0.0004750215653716172,0.0005243403769836508,-0.0014893240005063055,0.0006254065876398579,300
pythia160m,dev,rc,shots=0,primary,0.37,-0.03666666666666667,0.021791723820137315,-0.08,0.0033333333333333335,300
pythia160m,dev,rc,shots=0,primary_likelihood,0.2677983635937676,-0.002705047474901386,0.001633788971241684,-0.005912818154251615,0.0006266818794414298,300
pythia160m,dev,rc,shots=1,primary,0.36333333333333334,-0.043333333333333335,0.019016119040222528,-0.08,-0.006666666666666667,300
pythia160m,dev,rc,shots=1,primary_likelihood,0.2702287184326009,-0.00027469263606808,0.0010245666377676728,-0.0022704328859193316,0.0016637645506548187,300
pythia160m,train+dev,mc,canonical,primary,0.255,0.0,0.0,0.0,0.0,600
pythia160m,train+dev,mc,canonical,primary_likelihood,0.24817930138384037,0.0,0.0,0.0,0.0,600
pythia160m,train+dev,mc,choice_sep=none,primary,0.245,-0.01,0.01374908303716386,-0.03833333333333333,0.018333333333333333,600
pythia160m,train+dev,mc,choice_sep=none,primary_likelihood,0.24822683553930078,4.753415546035293e-05,0.0019817261564197765,-0.0038339660433949338,0.004004055922482117,600
pythia160m,train+dev,mc,choice_sep=tab,primary,0.23166666666666666,-0.023333333333333334,0.013310358614544665,-0.04833333333333333,0.0033333333333333335,600
pythia160m,train+dev,mc,choice_sep=tab,primary_likelihood,0.24757451552160367,-0.0006047858622366942,0.0022048554282058383,-0.005026992884783832,0.003681747408652517,600
pythia160m,train+dev,mc,desc=input_output,primary,0.25666666666666665,0.0016666666666666668,0.017254384434967303,-0.03333333333333333,0.03666666666666667,600
pythia160m,train+dev,mc,desc=input_output,primary_likelihood,0.250846548933945,0.0026672475501045936,0.004950707807582176,-0.007198621087336775,0.012367555761479949,600
pythia160m,train+dev,mc,desc=q_a,primary,0.255,0.0,0.01733495989970963,-0.035,0.03337499999999977,600
pythia160m,train+dev,mc,desc=q_a,primary_likelihood,0.25197685913452156,0.0037975577506811843,0.008496082291526583,-0.012935116233283209,0.02048026697892199,600
pythia160m,train+dev,mc,desc=random_phrase,primary,0.245,-0.01,0.021487530517115837,-0.051666666666666666,0.03166666666666667,600
pythia160m,train+dev,mc,desc=random_phrase,primary_likelihood,0.25062860277416943,0.002449301390329014,0.004653088040095014,-0.0064574779943537145,0.011445941473047595,600
pythia160m,train+dev,mc,desc=random_vocab,primary,0.25166666666666665,-0.0033333333333333335,0.0158239948444193,-0.035,0.02670833333333311,600
pythia160m,train+dev,mc,desc=random_vocab,primary_likelihood,0.24967681142175185,0.0014975100379114674,0.003798797461814791,-0.0059803698548558035,0.008673234982767437,600
pythia160m,train+dev,mc,sep=colon_newline,primary,0.24833333333333332,-0.006666666666666667,0.015102444949172136,-0.03670833333333333,0.021666666666666667,600
pythia160m,train+dev,mc,sep=colon_newline,primary_likelihood,0.24905500810843473,0.0008757067245943451,0.003971287104601553,-0.00654225882840171,0.00874366721975347,600
pythia160m,train+dev,mc,sep=dash,primary,0.24166666666666667,-0.013333333333333334,0.014531578008387044,-0.041666666666666664,0.013333333333333334,600
pythia160m,train+dev,mc,sep=dash,primary_likelihood,0.2497067885327978,0.0015274871489574118,0.0031105957751475562,-0.004428888544423907,0.007589889384874341,600
pythia160m,train+dev,mc,shots=0,primary,0.25666666666666665,0.0016666666666666668,0.026426909805392744,-0.05,0.05333333333333334,600
pythia160m,train+dev,mc,shots=0,primary_likelihood,0.25168629672256093,0.0035069953387205405,0.01275722469123712,-0.02069934115459916,0.0285153056275506,600
pythia160m,train+dev,mc,shots=1,primary,0.25,-0.005,0.024343637522215564,-0.05,0.043333333333333335,600
pythia160m,train+dev,mc,shots=1,primary_likelihood,0.2504206273597423,0.002241325975901912,0.0064210978780475944,-0.01063173623113782,0.01462632409053583,600
pythia160m,train+dev,rc,canonical,primary,0.405,0.0,0.0,0.0,0.0,600
pythia160m,train+dev,rc,canonical,primary_likelihood,0.269193720989955,0.0,0.0,0.0,0.0,600
pythia160m,train+dev,rc,desc=input_output,primary,0.39,-0.015,0.010920999259186085,-0.03666666666666667,0.006666666666666667,600
pythia160m,train+dev,rc,desc=input_output,primary_likelihood,0.2686183080540078,-0.0005754129359471592,0.00044763249028725627,-0.0014615981681877237,0.0003126061666717818,600
pythia160m,train+dev,rc,desc=q_a,primary,0.37833333333333335,-0.02666666666666667,0.010224705931681002,-0.04666666666666667,-0.006666666666666667,600
pythia160m,train+dev,rc,desc=q_a,primary_likelihood,0.2690626134332097,-0.000131107556745327,0.0003596627240085645,-0.0008440066024285955,0.0005662313130119446,600
pythia160m,train+dev,rc,desc=random_phrase,primary,0.39666666666666667,-0.008333333333333333,0.011430554555396162,-0.03166666666666667,0.013333333333333334,600
pythia160m,train+dev,rc,desc=random_phrase,primary_likelihood,0.26872473856408446,-0.0004689824258705083,0.0005274197252161696,-0.0014794054290468918,0.000554490573735728,600
pythia160m,train+dev,rc,desc=random_vocab,primary,0.37333333333333335,-0.03166666666666667,0.011604492890265182,-0.055,-0.01,600
pythia160m,train+dev,rc,desc=random_vocab,primary_likelihood,0.26766071336920644,-0.001533007620748552,0.0005430224804004771,-0.002536121693593379,-0.0004528446395765672,600
pythia160m,train+dev,rc,sep=colon_newline,primary,0.3983333333333333,-0.006666666666666667,0.009132264579674707,-0.025,0.01,600
pythia160m,train+dev,rc,sep=colon_newline,primary_likelihood,0.2693978039237923,0.00020408293383733218,0.0004536212848104242,-0.0006583349234685362,0.001068497328405284,600
pythia160m,train+dev,rc,sep=dash,primary,0.4033333333333333,-0.0016666666666666668,0.009287100293844578,-0.021666666666666667,0.016666666666666666,600
pythia160m,train+dev,rc,sep=dash,primary_likelihood,0.2688897206009772,-0.0003040003889777559,0.0004191494509851883,-0.0010689226101013604,0.0005286314863363816,600
pythia160m,train+dev,rc,shots=0,primary,0.37333333333333335,-0.03166666666666667,0.01603404257319726,-0.065,0.0016666666666666668,600
pythia160m,train+dev,rc,shots=0,primary_likelihood,0.2671277233418789,-0.002065997648076123,0.0010465918918862722,-0.004139066082969919,-2.965149809083272e-05,600
pythia160m,train+dev,rc,shots=1,primary,0.37166666666666665,-0.03333333333333333,0.013687559528520112,-0.06166666666666667,-0.005,600
pythia160m,train+dev,rc,shots=1,primary_likelihood,0.2681627022666886,-0.0010310187232664245,0.00072951037421034,-0.0025303494195977826,0.0003244737722144693,600
pythia410m,train,mc,canonical,primary,0.23666666666666666,0.0,0.0,0.0,0.0,300
pythia410m,train,mc,canonical,primary_likelihood,0.249105864556538,0.0,0.0,0.0,0.0,300
pythia410m,train,mc,choice_sep=none,primary,0.25333333333333335,0.016666666666666666,0.011999938064995625,-0.006666666666666667,0.04,300
pythia410m,train,mc,choice_sep=none,primary_likelihood,0.24895995029332132,-0.00014591426321660896,0.0013790305791084368,-0.0028620930365741617,0.0026420246343913157,300
pythia410m,train,mc,choice_sep=tab,primary,0.25,0.013333333333333334,0.02110299282580249,-0.03,0.056666666666666664,300
pythia410m,train,mc,choice_sep=tab,primary_likelihood,0.25025415836306947,0.0011482938065315279,0.002446727437822389,-0.003606056312293467,0.005901434534036747,300
pythia410m,train,mc,desc=input_output,primary,0.23666666666666666,0.0,0.024986060773937235,-0.04666666666666667,0.05008333333333288,300
pythia410m,train,mc,desc=input_output,primary_likelihood,0.24865489239574315,-0.00045097216079477366,0.0037981483136385876,-0.007867348322571145,0.007130689672608035,300
pythia410m,train,mc,desc=q_a,primary,0.24,0.0033333333333333335,0.032198635634947896,-0.056666666666666664,0.06666666666666667,300
pythia410m,train,mc,desc=q_a,primary_likelihood,0.24749399107758582,-0.0016118734789520883,0.006537924777517448,-0.014205534371104252,0.01124770980299914,300
pythia410m,train,mc,desc=random_phrase,primary,0.22333333333333333,-0.013333333333333334,0.029097664834965915,-0.07333333333333333,0.043333333333333335,300
pythia410m,train,mc,desc=random_phrase,primary_likelihood,0.24319101673171725,-0.005914847824820691,0.004340362093236092,-0.014538349733568939,0.0025223329285276536,300
pythia410m,train,mc,desc=random_vocab,primary,0.25,0.013333333333333334,0.02792462115662428,-0.04,0.06666666666666667,300
pythia410m,train,mc,desc=random_vocab,primary_likelihood,0.24661896805652148,-0.0024868965000164416,0.004584916847839373,-0.011212788372789424,0.006251556875987278,300
pythia410m,train,mc,sep=colon_newline,primary,0.23,-0.006666666666666667,0.02453279530213192,-0.05341666666666667,0.04,300
pythia410m,train,mc,sep=colon_newline,primary_likelihood,0.24169149762040135,-0.007414366936136595,0.004250073432664874,-0.016166533705016587,0.0008656636290850532,300
pythia410m,train,mc,sep=dash,primary,0.22,-0.016666666666666666,0.01915630324254854,-0.05333333333333334,0.016666666666666666,300
pythia410m,train,mc,sep=dash,primary_likelihood,0.250146988557639,0.001041124001101047,0.0024587587629528794,-0.003723104710713905,0.006074453981132846,300
pythia410m,train,mc,shots=0,primary,0.28,0.043333333333333335,0.028806947219396185,-0.013333333333333334,0.10333333333333333,300
pythia410m,train,mc,shots=0,primary_likelihood,0.24954347821487688,0.0004376136583389423,0.008272839958369207,-0.01596627387918536,0.01741481126072561,300
pythia410m,train,mc,shots=1,primary,0.27,0.03333333333333333,0.02826587155230966,-0.023333333333333334,0.09,300
pythia410m,train,mc,shots=1,primary_likelihood,0.25035025036158653,0.0012443858050485725,0.006479415477195657,-0.0115948340459652,0.014495952090337874,300
pythia410m,train,rc,canonical,primary,0.52,0.0,0.0,0.0,0.0,300
pythia410m,train,rc,canonical,primary_likelihood,0.2839190003410873,0.0,0.0,0.0,0.0,300
pythia410m,train,rc,desc=input_output,primary,0.5,-0.02,0.015618072600365213,-0.05,0.01,300
pythia410m,train,rc,desc=input_output,primary_likelihood,0.28058239935274687,-0.0033366009883404103,0.0006491679647495537,-0.00467515493207321,-0.0020878503496591636,300
pythia410m,train,rc,desc=q_a,primary,0.5233333333333333,0.0033333333333333335,0.010014853331617442,-0.016666666666666666,0.023333333333333334,300
pythia410m,train,rc,desc=q_a,primary_likelihood,0.2837991148919988,-0.00011988544908843703,0.0003459579908728924,-0.0007997793639806989,0.0005352381271827093,300
pythia410m,train,rc,desc=random_phrase,primary,0.5233333333333333,0.0033333333333333335,0.014552663241901166,-0.02666666666666667,0.03333333333333333,300
pythia410m,train,rc,desc=random_phrase,primary_likelihood,0.28360252632116906,-0.00031647401991819954,0.0006712786745353187,-0.001598301268305645,0.0010367026198223484,300
pythia410m,train,rc,desc=random_vocab,primary,0.53,0.01,0.01528984186360496,-0.02,0.04,300
pythia410m,train,rc,desc=random_vocab,primary_likelihood,0.2830687013980589,-0.0008502989430284036,0.0006154715298245303,-0.002051117995730914,0.00033242622324904396,300
pythia410m,train,rc,sep=colon_newline,primary,0.5166666666666667,-0.0033333333333333335,0.0110722098647688,-0.023416666666666662,0.016749999999999547,300
pythia410m,train,rc,sep=colon_newline,primary_likelihood,0.28478270405499756,0.0008637037139102888,0.00045748558294721653,-2.0355533126502235e-05,0.0017297257150768407,300
pythia410m,train,rc,sep=dash,primary,0.5233333333333333,0.0033333333333333335,0.010014853331617444,-0.016666666666666666,0.023333333333333334,300
pythia410m,train,rc,sep=dash,primary_likelihood,0.2832605388946236,-0.0006584614464637088,0.0002617668861444178,-0.0011862985127036542,-0.00017345909687234518,300
pythia410m,train,rc,shots=0,primary,0.45,-0.07,0.02442881497565584,-0.11666666666666667,-0.023333333333333334,300
pythia410m,train,rc,shots=0,primary_likelihood,0.27300769913882933,-0.010911301202257964,0.0020198716771135986,-0.015012520586022825,-0.006763934350448252,300
pythia410m,train,rc,shots=1,primary,0.51,-0.01,0.017339806697915353,-0.043333333333333335,0.023333333333333334,300
pythia410m,train,rc,shots=1,primary_likelihood,0.2809346566128891,-0.0029843437281982296,0.000913042705218669,-0.004729149131844997,-0.0011396833054027142,300
pythia410m,dev,mc,canonical,primary,0.20666666666666667,0.0,0.0,0.0,0.0,300
pythia410m,dev,mc,canonical,primary_likelihood,0.24038812208375143,0.0,0.0,0.0,0.0,300
pythia410m,dev,mc,choice_sep=none,primary,0.23333333333333334,0.02666666666666667,0.014852176349824045,0.0,0.056666666666666664,300
pythia410m,dev,mc,choice_sep=none,primary_likelihood,0.24396596786216776,0.003577845778416307,0.0015942102523631388,0.0005468618691308551,0.006753037528989844,300
pythia410m,dev,mc,choice_sep=tab,primary,0.23,0.023333333333333334,0.021336782051231306,-0.02,0.06333333333333334,300
pythia410m,dev,mc,choice_sep=tab,primary_likelihood,0.24421820888521784,0.0038300868014664027,0.0027647933071952794,-0.0015820939708351594,0.009165922811105414,300
pythia410m,dev,mc,desc=input_output,primary,0.23666666666666666,0.03,0.026863128032948883,-0.023333333333333334,0.08333333333333333,300
pythia410m,dev,mc,desc=input_output,primary_likelihood,0.24394026245609207,0.0035521403723406102,0.004166586077100177,-0.004447683427661905,0.011489506603017183,300
pythia410m,dev,mc,desc=q_a,primary,0.24666666666666667,0.04,0.03462170139317043,-0.02666666666666667,0.11,300
pythia410m,dev,mc,desc=q_a,primary_likelihood,0.25004289638202837,0.009654774298276898,0.006901547497299388,-0.0032705621668924316,0.02267349903886659,300
pythia410m,dev,mc,desc=random_phrase,primary,0.26666666666666666,0.06,0.02771892688163346,0.006666666666666667,0.11333333333333333,300
pythia410m,dev,mc,desc=random_phrase,primary_likelihood,0.24924767498994826,0.008859552906196796,0.003949919340632993,0.0008697264956418697,0.016142389717062302,300
pythia410m,dev,mc,desc=random_vocab,primary,0.21666666666666667,0.01,0.030044559994852327,-0.05,0.06666666666666667,300
pythia410m,dev,mc,desc=random_vocab,primary_likelihood,0.24320302137523442,0.0028148992914829455,0.0047585106304767165,-0.007266863170240204,0.012084608673866635,300
pythia410m,dev,mc,sep=colon_newline,primary,0.2733333333333333,0.06666666666666667,0.02468681571828241,0.02,0.11333333333333333,300
pythia410m,dev,mc,sep=colon_newline,primary_likelihood,0.24687554847036022,0.006487426386608758,0.004271523964869851,-0.0018539867552266104,0.01457652325185129,300
pythia410m,dev,mc,sep=dash,primary,0.22,0.013333333333333334,0.02056793042992408,-0.02666666666666667,0.05341666666666622,300
pythia410m,dev,mc,sep=dash,primary_likelihood,0.2415736529800017,0.0011855308962502307,0.0024575886218053842,-0.0036692276376824842,0.006067475539600945,300
pythia410m,dev,mc,shots=0,primary,0.25666666666666665,0.05,0.029910680858707277,-0.006666666666666667,0.11,300
pythia410m,dev,mc,shots=0,primary_likelihood,0.24805553857940438,0.007667416495652958,0.00854129026178634,-0.009579399140022187,0.024585656251335564,300
pythia410m,dev,mc,shots=1,primary,0.23,0.023333333333333334,0.03147022918820156,-0.03666666666666667,0.08341666666666621,300
pythia410m,dev,mc,shots=1,primary_likelihood,0.24786778143452967,0.007479659350778259,0.007068378981071351,-0.0067801370338936955,0.021429774554255633,300
pythia410m,dev,rc,canonical,primary,0.5366666666666666,0.0,0.0,0.0,0.0,300
pythia410m,dev,rc,canonical,primary_likelihood,0.2854687986408482,0.0,0.0,0.0,0.0,300
pythia410m,dev,rc,desc=input_output,primary,0.5166666666666667,-0.02,0.016985796414111045,-0.05333333333333334,0.010083333333332879,300
pythia410m,dev,rc,desc=input_output,primary_likelihood,0.28240985524798806,-0.0030589433928600775,0.0008620973166855797,-0.004775923592778014,-0.0013824323310776083,300
pythia410m,dev,rc,desc=q_a,primary,0.5333333333333333,-0.0033333333333333335,0.011072209864768798,-0.02666666666666667,0.016666666666666666,300
pythia410m,dev,rc,desc=q_a,primary_likelihood,0.2860638118840727,0.0005950132432245434,0.0004649670217366646,-0.00030398097821219796,0.0015071295046853548,300
pythia410m,dev,rc,desc=random_phrase,primary,0.5533333333333333,0.016666666666666666,0.015270386036588231,-0.013333333333333334,0.04666666666666667,300
pythia410m,dev,rc,desc=random_phrase,primary_likelihood,0.2858107559908637,0.0003419573500155395,0.0006329248388120402,-0.0007964630444963104,0.0016551219062474261,300
pythia410m,dev,rc,desc=random_vocab,primary,0.5466666666666666,0.01,0.01528984186360496,-0.02,0.04,300
pythia410m,dev,rc,desc=random_vocab,primary_likelihood,0.2847920924875438,-0.0006767061533043784,0.000610895402603526,-0.001874457676412212,0.0005033571060477695,300
pythia410m,dev,rc,sep=colon_newline,primary,0.54,0.0033333333333333335,0.014552663241901166,-0.02666666666666667,0.03333333333333333,300
pythia410m,dev,rc,sep=colon_newline,primary_likelihood,0.28683561102755706,0.0013668123867088462,0.0005487035703119084,0.00026117457323215324,0.0024191358558713167,300
pythia410m,dev,rc,sep=dash,primary,0.5333333333333333,-0.0033333333333333335,0.010014853331617442,-0.023333333333333334,0.016666666666666666,300
pythia410m,dev,rc,sep=dash,primary_likelihood,0.2849824504527946,-0.00048634818805356854,0.00028502388544583376,-0.001028252031002331,9.816269460718633e-05,300
pythia410m,dev,rc,shots=0,primary,0.43333333333333335,-0.10333333333333333,0.025383714498163304,-0.15333333333333332,-0.056583333333333784,300
pythia410m,dev,rc,shots=0,primary_likelihood,0.275569462546744,-0.009899336094104217,0.0022639134250058706,-0.014204159073643351,-0.005578652643475395,300
pythia410m,dev,rc,shots=1,primary,0.5233333333333333,-0.013333333333333334,0.01700765997884924,-0.04666666666666667,0.023333333333333334,300
pythia410m,dev,rc,shots=1,primary_likelihood,0.28333572382365957,-0.0021330748171885477,0.001066512790060399,-0.004129928839639715,-1.2510135331732625e-05,300
pythia410m,train+dev,mc,canonical,primary,0.22166666666666668,0.0,0.0,0.0,0.0,600
pythia410m,train+dev,mc,canonical,primary_likelihood,0.2447469933201447,0.0,0.0,0.0,0.0,600
pythia410m,train+dev,mc,choice_sep=none,primary,0.24333333333333335,0.021666666666666667,0.009541278001527362,0.0033333333333333335,0.04,600
pythia410m,train+dev,mc,choice_sep=none,primary_likelihood,0.24646295907774454,0.0017159657575998492,0.001055812856044938,-0.00036138251492243763,0.0037469241107425575,600
pythia410m,train+dev,mc,choice_sep=tab,primary,0.24,0.018333333333333333,0.014993815580351035,-0.01,0.04670833333333311,600
pythia410m,train+dev,mc,choice_sep=tab,primary_likelihood,0.24723618362414365,0.002489190303998966,0.001845251227200451,-0.001113505701476364,0.005968097980889854,600
pythia410m,train+dev,mc,desc=input_output,primary,0.23666666666666666,0.015,0.018338391572150857,-0.023333333333333334,0.051666666666666666,600
pythia410m,train+dev,mc,desc=input_output,primary_likelihood,0.2462975774259176,0.001550584105772918,0.0028178030979393496,-0.003935958550257059,0.006896418570716221,600
pythia410m,train+dev,mc,desc=q_a,primary,0.24333333333333335,0.021666666666666667,0.023632218025552987,-0.023333333333333334,0.07,600
pythia410m,train+dev,mc,desc=q_a,primary_likelihood,0.24876844372980708,0.004021450409662406,0.004754914717245856,-0.005379196574911425,0.013466913415877309,600
pythia410m,train+dev,mc,desc=random_phrase,primary,0.245,0.023333333333333334,0.020132652275036376,-0.015,0.06166666666666667,600
pythia410m,train+dev,mc,desc=random_phrase,primary_likelihood,0.24621934586083274,0.0014723525406880526,0.002947351407421063,-0.0041995341560853395,0.007300547795459122,600
pythia410m,train+dev,mc,desc=random_vocab,primary,0.23333333333333334,0.011666666666666667,0.020491887541600994,-0.028333333333333332,0.051666666666666666,600
pythia410m,train+dev,mc,desc=random_vocab,primary_likelihood,0.24491099471587793,0.00016400139573325274,0.0033029878983640553,-0.0063156416607689685,0.006511761043629073,600
pythia410m,train+dev,mc,sep=colon_newline,primary,0.25166666666666665,0.03,0.01745173804592525,-0.0033333333333333335,0.06337499999999978,600
pythia410m,train+dev,mc,sep=colon_newline,primary_likelihood,0.24428352304538076,-0.00046347027476391817,0.0030237006532503577,-0.006527108498429929,0.005287195929269716,600
pythia410m,train+dev,mc,sep=dash,primary,0.22,-0.0016666666666666668,0.01405513562088469,-0.028333333333333332,0.025,600
pythia410m,train+dev,mc,sep=dash,primary_likelihood,0.2458603207688203,0.001113327448675639,0.0017367423250927425,-0.002327681430119579,0.0045022765269679636,600
pythia410m,train+dev,mc,shots=0,primary,0.2683333333333333,0.04666666666666667,0.020746591820279766,0.005,0.09,600
pythia410m,train+dev,mc,shots=0,primary_likelihood,0.2487995083971406,0.004052515076995949,0.005942321373327872,-0.007384291350551427,0.01566657532444746,600
pythia410m,train+dev,mc,shots=1,primary,0.25,0.028333333333333332,0.021133590332134057,-0.011666666666666667,0.07333333333333333,600
pythia410m,train+dev,mc,shots=1,primary_likelihood,0.24910901589805812,0.004362022577913415,0.004792082404266751,-0.005016621375271532,0.013884541263120586,600
pythia410m,train+dev,rc,canonical,primary,0.5283333333333333,0.0,0.0,0.0,0.0,600
pythia410m,train+dev,rc,canonical,primary_likelihood,0.2846938994909677,0.0,0.0,0.0,0.0,600
pythia410m,train+dev,rc,desc=input_output,primary,0.5083333333333333,-0.02,0.011527712128237727,-0.043333333333333335,0.0016666666666666668,600
pythia410m,train+dev,rc,desc=input_output,primary_likelihood,0.2814961273003675,-0.003197772190600244,0.000539169556377665,-0.004229130891687068,-0.0022359512399128907,600
pythia410m,train+dev,rc,desc=q_a,primary,0.5283333333333333,0.0,0.007459778999860976,-0.015,0.015,600
pythia410m,train+dev,rc,desc=q_a,primary_likelihood,0.28493146338803577,0.0002375638970680532,0.0002899024613368606,-0.00035139963356575706,0.0008173352244378902,600
pythia410m,train+dev,rc,desc=random_phrase,primary,0.5383333333333333,0.01,0.010541805374097615,-0.01,0.03166666666666667,600
pythia410m,train+dev,rc,desc=random_phrase,primary_likelihood,0.28470664115601635,1.2741665048669955e-05,0.00046111593442366036,-0.0008451360705700776,0.0008876278860392976,600
pythia410m,train+dev,rc,desc=random_vocab,primary,0.5383333333333333,0.01,0.010802522428490025,-0.011666666666666667,0.03166666666666667,600
pythia410m,train+dev,rc,desc=random_vocab,primary_likelihood,0.2839303969428013,-0.000763502548166391,0.0004332416421162522,-0.0016088247811926104,6.047530330236787e-05,600
pythia410m,train+dev,rc,sep=colon_newline,primary,0.5283333333333333,0.0,0.009136326071794409,-0.018333333333333333,0.016666666666666666,600
pythia410m,train+dev,rc,sep=colon_newline,primary_likelihood,0.2858091575412773,0.0011152580503095675,0.0003570501366581183,0.00038973855177420205,0.001815888084449697,600
pythia410m,train+dev,rc,sep=dash,primary,0.5283333333333333,0.0,0.007076967744316076,-0.013333333333333334,0.015,600
pythia410m,train+dev,rc,sep=dash,primary_likelihood,0.2841214946737091,-0.0005724048172586387,0.00019336491049533122,-0.000959310342975253,-0.00021080066631474212,600
pythia410m,train+dev,rc,shots=0,primary,0.44166666666666665,-0.08666666666666667,0.017613084291727067,-0.12166666666666667,-0.05333333333333334,600
pythia410m,train+dev,rc,shots=0,primary_likelihood,0.2742885808427867,-0.010405318648181089,0.0015158766141794048,-0.013466797614226917,-0.007408974444099814,600
pythia410m,train+dev,rc,shots=1,primary,0.5166666666666667,-0.011666666666666667,0.012134280846282753,-0.035,0.011666666666666667,600
pythia410m,train+dev,rc,shots=1,primary_likelihood,0.2821351902182744,-0.0025587092726933884,0.000701608090131413,-0.0039007353172649914,-0.0012205727086805397,600
pythia1b,train,mc,canonical,primary,0.24333333333333335,0.0,0.0,0.0,0.0,300
pythia1b,train,mc,canonical,primary_likelihood,0.24627838064091012,0.0,0.0,0.0,0.0,300
pythia1b,train,mc,choice_sep=none,primary,0.23,-0.013333333333333334,0.01564184803291482,-0.043333333333333335,0.016666666666666666,300
pythia1b,train,mc,choice_sep=none,primary_likelihood,0.2452494625482313,-0.0010289180926787984,0.001796370890841157,-0.004388146817568831,0.002472438228986334,300
pythia1b,train,mc,choice_sep=tab,primary,0.21,-0.03333333333333333,0.019373310453659014,-0.07,0.0033333333333333335,300
pythia1b,train,mc,choice_sep=tab,primary_likelihood,0.24366515945452705,-0.002613221186383103,0.0023449465573032575,-0.0073292518285893,0.0019754995527933215,300
pythia1b,train,mc,desc=input_output,primary,0.22333333333333333,-0.02,0.02108537616622831,-0.06333333333333334,0.023333333333333334,300
pythia1b,train,mc,desc=input_output,primary_likelihood,0.2413458347550166,-0.004932545885893524,0.0035251017277458654,-0.011620955907165791,0.00213176496772744,300
pythia1b,train,mc,desc=q_a,primary,0.23666666666666666,-0.006666666666666667,0.03305120291488865,-0.07666666666666666,0.056666666666666664,300
pythia1b,train,mc,desc=q_a,primary_likelihood,0.24597856092668954,-0.00029981971422063,0.00763893002228635,-0.015765498369249478,0.014599394590791105,300
pythia1b,train,mc,desc=random_phrase,primary,0.21,-0.03333333333333333,0.02865756512070317,-0.09,0.023333333333333334,300
pythia1b,train,mc,desc=random_phrase,primary_likelihood,0.2457248396069721,-0.0005535410339379893,0.00581718523790554,-0.011438837222716719,0.010914062272448124,300
pythia1b,train,mc,desc=random_vocab,primary,0.23,-0.013333333333333334,0.024523705153495723,-0.06333333333333334,0.03666666666666667,300
pythia1b,train,mc,desc=random_vocab,primary_likelihood,0.24439653555157978,-0.0018818450893303524,0.0028538454274197097,-0.00744174269757608,0.0038618759597141036,300
pythia1b,train,mc,sep=colon_newline,primary,0.2633333333333333,0.02,0.02869903023932716,-0.03666666666666667,0.07333333333333333,300
pythia1b,train,mc,sep=colon_newline,primary_likelihood,0.24910931296133698,0.002830932320426885,0.006614353449004111,-0.010406028021014722,0.01630133766619822,300
pythia1b,train,mc,sep=dash,primary,0.24666666666666667,0.0033333333333333335,0.01601165498952342,-0.02666666666666667,0.03333333333333333,300
pythia1b,train,mc,sep=dash,primary_likelihood,0.24543906593184472,-0.0008393147090654084,0.0018190425577780907,-0.00435664270208252,0.0027525986311426683,300
pythia1b,train,mc,shots=0,primary,0.27666666666666667,0.03333333333333333,0.03265758752632781,-0.03333333333333333,0.09333333333333334,300
pythia1b,train,mc,shots=0,primary_likelihood,0.2523678303370284,0.006089449696118354,0.007092033763784901,-0.007686559334962137,0.019500629631198946,300
pythia1b,train,mc,shots=1,primary,0.29333333333333333,0.05,0.03136614425736985,-0.013333333333333334,0.11666666666666667,300
pythia1b,train,mc,shots=1,primary_likelihood,0.2519874017406651,0.0057090210997549655,0.0061025703784174596,-0.0068799993509528505,0.017651838055992786,300
pythia1b,train,rc,canonical,primary,0.5933333333333334,0.0,0.0,0.0,0.0,300
pythia1b,train,rc,canonical,primary_likelihood,0.2883798879139979,0.0,0.0,0.0,0.0,300
pythia1b,train,rc,desc=input_output,primary,0.55,-0.043333333333333335,0.020154549645756484,-0.08333333333333333,-0.006666666666666667,300
pythia1b,train,rc,desc=input_output,primary_likelihood,0.2864044218745171,-0.001975466039480826,0.0008127051051923102,-0.0036525708558282277,-0.0004236017898093965,300
pythia1b,train,rc,desc=q_a,primary,0.5766666666666667,-0.016666666666666666,0.013732865747362415,-0.043416666666666666,0.01,300
pythia1b,train,rc,desc=q_a,primary_likelihood,0.2874714161414836,-0.000908471772514291,0.0004693526525613129,-0.0018660323217201493,3.632582064894479e-05,300
pythia1b,train,rc,desc=random_phrase,primary,0.5766666666666667,-0.016666666666666666,0.01795468924401441,-0.05333333333333334,0.02,300
pythia1b,train,rc,desc=random_phrase,primary_likelihood,0.28485144146967706,-0.0035284464443208073,0.00083431609854314,-0.005152247674637967,-0.0019035220115817856,300
pythia1b,train,rc,desc=random_vocab,primary,0.57,-0.023333333333333334,0.018541185186588642,-0.06,0.013333333333333334,300
pythia1b,train,rc,desc=random_vocab,primary_likelihood,0.2836788509950305,-0.004701036918967354,0.0007410591304384125,-0.006099077190837706,-0.003202704153083889,300
pythia1b,train,rc,sep=colon_newline,primary,0.5733333333333334,-0.02,0.014118466760910324,-0.05,0.006666666666666667,300
pythia1b,train,rc,sep=colon_newline,primary_likelihood,0.28690013419724264,-0.001479753716755199,0.0005935965716128209,-0.002720696008587845,-0.0003205101143091649,300
pythia1b,train,rc,sep=dash,primary,0.5666666666666667,-0.02666666666666667,0.013266275070829937,-0.05,-0.0033333333333333335,300
pythia1b,train,rc,sep=dash,primary_likelihood,0.28732660455264036,-0.0010532833613575018,0.0003757019043360978,-0.00181528528717526,-0.00037974534897400835,300
pythia1b,train,rc,shots=0,primary,0.44666666666666666,-0.14666666666666667,0.026194254747771612,-0.2,-0.09666666666666666,300
pythia1b,train,rc,shots=0,primary_likelihood,0.2761460478744842,-0.012233840039513713,0.0020620005332384634,-0.016392997606281868,-0.008363972135424367,300
pythia1b,train,rc,shots=1,primary,0.52,-0.07333333333333333,0.01840540207969789,-0.11,-0.03666666666666667,300
pythia1b,train,rc,shots=1,primary_likelihood,0.28331717465268386,-0.005062713261313999,0.000900656114280846,-0.006759975303659679,-0.0033044374366009524,300
pythia1b,dev,mc,canonical,primary,0.25333333333333335,0.0,0.0,0.0,0.0,300
pythia1b,dev,mc,canonical,primary_likelihood,0.25139088369132023,0.0,0.0,0.0,0.0,300
pythia1b,dev,mc,choice_sep=none,primary,0.26,0.006666666666666667,0.013350045268031536,-0.02,0.03333333333333333,300
pythia1b,dev,mc,choice_sep=none,primary_likelihood,0.25181844610135395,0.0004275624100337033,0.0017197870130531549,-0.00284105173607244,0.0036663291310062465,300
pythia1b,dev,mc,choice_sep=tab,primary,0.26,0.006666666666666667,0.019465163882679267,-0.03333333333333333,0.043333333333333335,300
pythia1b,dev,mc,choice_sep=tab,primary_likelihood,0.24929662009164047,-0.0020942635996797736,0.002285715051319381,-0.006572672582050832,0.00231930479015582,300
pythia1b,dev,mc,desc=input_output,primary,0.24333333333333335,-0.01,0.020301517591043348,-0.04675,0.03,300
pythia1b,dev,mc,desc=input_output,primary_likelihood,0.2496250532515694,-0.0017658304397509099,0.0034333649140097563,-0.008573776481479457,0.005179517801666494,300
pythia1b,dev,mc,desc=q_a,primary,0.27,0.016666666666666666,0.03183651568490238,-0.04666666666666667,0.07666666666666666,300
pythia1b,dev,mc,desc=q_a,primary_likelihood,0.2569147882384979,0.005523904547177598,0.008053324370603247,-0.010263347167225902,0.021610536183536398,300
pythia1b,dev,mc,desc=random_phrase,primary,0.20666666666666667,-0.04666666666666667,0.028595254704262295,-0.10666666666666667,0.01,300
pythia1b,dev,mc,desc=random_phrase,primary_likelihood,0.2509589649399846,-0.00043191875133569775,0.005672624885984165,-0.011340484110463515,0.011293638696167448,300
pythia1b,dev,mc,desc=random_vocab,primary,0.29,0.03666666666666667,0.02421491167094178,-0.01,0.08333333333333333,300
pythia1b,dev,mc,desc=random_vocab,primary_likelihood,0.25297484254339436,0.0015839588520741232,0.002854624151429984,-0.003988309162576855,0.007353459107346159,300
pythia1b,dev,mc,sep=colon_newline,primary,0.25,-0.0033333333333333335,0.02773433987539713,-0.056666666666666664,0.05333333333333334,300
pythia1b,dev,mc,sep=colon_newline,primary_likelihood,0.25410655365901313,0.0027156699676928954,0.0067859255823379695,-0.011397345205853528,0.016071067147817992,300
pythia1b,dev,mc,sep=dash,primary,0.24333333333333335,-0.01,0.016002368832448564,-0.043333333333333335,0.023333333333333334,300
pythia1b,dev,mc,sep=dash,primary_likelihood,0.2518533849284399,0.0004625012371196244,0.0019508300793858368,-0.003485154598421185,0.004323092344877636,300
pythia1b,dev,mc,shots=0,primary,0.24,-0.013333333333333334,0.03304445616499735,-0.08,0.05333333333333334,300
pythia1b,dev,mc,shots=0,primary_likelihood,0.2505434002355735,-0.0008474834557468033,0.006769529508670347,-0.014092219410622428,0.012285109884993673,300
pythia1b,dev,mc,shots=1,primary,0.27666666666666667,0.023333333333333334,0.03217092496695242,-0.04,0.08341666666666621,300
pythia1b,dev,mc,shots=1,primary_likelihood,0.25440869333998933,0.0030178096486690666,0.0065661804353436045,-0.009451055482492188,0.01640004627545887,300
pythia1b,dev,rc,canonical,primary,0.6,0.0,0.0,0.0,0.0,300
pythia1b,dev,rc,canonical,primary_likelihood,0.2923535299785586,0.0,0.0,0.0,0.0,300
pythia1b,dev,rc,desc=input_output,primary,0.5833333333333334,-0.016666666666666666,0.015983780333266074,-0.04666666666666667,0.016666666666666666,300
pythia1b,dev,rc,desc=input_output,primary_likelihood,0.289534562903985,-0.002818967074573598,0.0010070150953605294,-0.004811721603615078,-0.0008696352012702401,300
pythia1b,dev,rc,desc=q_a,primary,0.6066666666666667,0.006666666666666667,0.013350045268031536,-0.02,0.03333333333333333,300
pythia1b,dev,rc,desc=q_a,primary_likelihood,0.2922057639327606,-0.00014776604579810833,0.0006156929480489192,-0.0013400146507158007,0.0010800472058231309,300
pythia1b,dev,rc,desc=random_phrase,primary,0.5866666666666667,-0.013333333333333334,0.01491210467536782,-0.043333333333333335,0.016666666666666666,300
pythia1b,dev,rc,desc=random_phrase,primary_likelihood,0.28772643963426275,-0.004627090344295877,0.0009336572867259408,-0.006377702807124767,-0.002746780841014295,300
pythia1b,dev,rc,desc=random_vocab,primary,0.5733333333333334,-0.02666666666666667,0.014081569454098442,-0.056666666666666664,0.0,300
pythia1b,dev,rc,desc=random_vocab,primary_likelihood,0.28670038183570473,-0.00565314814285389,0.0009597480852750369,-0.00757585376251994,-0.0037793501140660746,300
pythia1b,dev,rc,sep=colon_newline,primary,0.6,0.0,0.012493030386968617,-0.02666666666666667,0.023333333333333334,300
pythia1b,dev,rc,sep=colon_newline,primary_likelihood,0.28955908657100543,-0.0027944434075531975,0.0006340266118300575,-0.004104930670977243,-0.0015652747315454216,300
pythia1b,dev,rc,sep=dash,primary,0.5833333333333334,-0.016666666666666666,0.011031861562223145,-0.04,0.0033333333333333335,300
pythia1b,dev,rc,sep=dash,primary_likelihood,0.29095338520602404,-0.0014001447725346672,0.00042871757842027935,-0.0022148845455973957,-0.0005754010527068457,300
pythia1b,dev,rc,shots=0,primary,0.48333333333333334,-0.11666666666666667,0.024743199839812446,-0.16666666666666666,-0.07,300
pythia1b,dev,rc,shots=0,primary_likelihood,0.27869968737984874,-0.013653842598709894,0.0021883355430770773,-0.01804155354151085,-0.009394803385432944,300
pythia1b,dev,rc,shots=1,primary,0.57,-0.03,0.01591854965018611,-0.06333333333333334,0.0,300
pythia1b,dev,rc,shots=1,primary_likelihood,0.28789422946466614,-0.004459300513892461,0.0009770641461975195,-0.006456725438970571,-0.0025768849073965067,300
pythia1b,train+dev,mc,canonical,primary,0.24833333333333332,0.0,0.0,0.0,0.0,600
pythia1b,train+dev,mc,canonical,primary_likelihood,0.24883463216611518,0.0,0.0,0.0,0.0,600
pythia1b,train+dev,mc,choice_sep=none,primary,0.245,-0.0033333333333333335,0.010281693719743589,-0.023333333333333334,0.016666666666666666,600
pythia1b,train+dev,mc,choice_sep=none,primary_likelihood,0.2485339543247926,-0.00030067784132254755,0.0012427622769634564,-0.002792888091644077,0.002090232883421069,600
pythia1b,train+dev,mc,choice_sep=tab,primary,0.235,-0.013333333333333334,0.013744360236952871,-0.041666666666666664,0.013333333333333334,600
pythia1b,train+dev,mc,choice_sep=tab,primary_likelihood,0.24648088977308372,-0.002353742393031438,0.0016359871113550762,-0.005456962982053157,0.00082458255243513,600
pythia1b,train+dev,mc,desc=input_output,primary,0.23333333333333334,-0.015,0.014624306460637598,-0.045,0.013333333333333334,600
pythia1b,train+dev,mc,desc=input_output,primary_likelihood,0.24548544400329295,-0.0033491881628222166,0.0024591997479614667,-0.008023262401991407,0.0013455983595532322,600
pythia1b,train+dev,mc,desc=q_a,primary,0.25333333333333335,0.005,0.022931086423039388,-0.03833333333333333,0.04833333333333333,600
pythia1b,train+dev,mc,desc=q_a,primary_likelihood,0.25144667458259373,0.002612042416478484,0.005546625422652142,-0.008382031998463367,0.013371685453506362,600
pythia1b,train+dev,mc,desc=random_phrase,primary,0.20833333333333334,-0.04,0.020226871276774114,-0.08166666666666667,0.0,600
pythia1b,train+dev,mc,desc=random_phrase,primary_likelihood,0.24834190227347838,-0.0004927298926368437,0.004059191042086961,-0.008600927254061226,0.0077614590821839845,600
pythia1b,train+dev,mc,desc=random_vocab,primary,0.26,0.011666666666666667,0.017247932891182493,-0.021666666666666667,0.04666666666666667,600
pythia1b,train+dev,mc,desc=random_vocab,primary_likelihood,0.24868568904748714,-0.00014894311862811464,0.0020178060484654626,-0.003962166816293877,0.003812175706352118,600
pythia1b,train+dev,mc,sep=colon_newline,primary,0.25666666666666665,0.008333333333333333,0.019944157804539373,-0.03166666666666667,0.04666666666666667,600
pythia1b,train+dev,mc,sep=colon_newline,primary_likelihood,0.2516079333101751,0.002773301144059891,0.004734146327063108,-0.006888697470332639,0.01176464192308735,600
pythia1b,train+dev,mc,sep=dash,primary,0.245,-0.0033333333333333335,0.011312495164079475,-0.02666666666666667,0.018333333333333333,600
pythia1b,train+dev,mc,sep=dash,primary_likelihood,0.24864622543014236,-0.00018840673597289202,0.0013328170851657183,-0.002963653959077379,0.0023813186648237797,600
pythia1b,train+dev,mc,shots=0,primary,0.25833333333333336,0.01,0.023229756596689903,-0.03333333333333333,0.055,600
pythia1b,train+dev,mc,shots=0,primary_likelihood,0.25145561528630095,0.002620983120185776,0.004900085077344646,-0.006956096478507131,0.011963108345143343,600
pythia1b,train+dev,mc,shots=1,primary,0.285,0.03666666666666667,0.02245339781125042,-0.006666666666666667,0.08166666666666667,600
pythia1b,train+dev,mc,shots=1,primary_likelihood,0.2531980475403272,0.004363415374212016,0.004478672557658674,-0.0044975651855351,0.01325699953303808,600
pythia1b,train+dev,rc,canonical,primary,0.5966666666666667,0.0,0.0,0.0,0.0,600
pythia1b,train+dev,rc,canonical,primary_likelihood,0.29036670894627825,0.0,0.0,0.0,0.0,600
pythia1b,train+dev,rc,desc=input_output,primary,0.5666666666666667,-0.03,0.012862441603625565,-0.055,-0.005,600
pythia1b,train+dev,rc,desc=input_output,primary_likelihood,0.287969492389251,-0.0023972165570272123,0.0006467150040058283,-0.0036965656313255606,-0.001114283442471317,600
pythia1b,train+dev,rc,desc=q_a,primary,0.5916666666666667,-0.005,0.009580081590055495,-0.023333333333333334,0.013333333333333334,600
pythia1b,train+dev,rc,desc=q_a,primary_likelihood,0.2898385900371221,-0.0005281189091561997,0.0003870837012080642,-0.0012677814309569825,0.00022234580978056968,600
pythia1b,train+dev,rc,desc=random_phrase,primary,0.5816666666666667,-0.015,0.011660305126246613,-0.03833333333333333,0.006666666666666667,600
pythia1b,train+dev,rc,desc=random_phrase,primary_likelihood,0.2862889405519699,-0.004077768394308342,0.0006259386903014623,-0.005334313296928173,-0.002879806071669704,600
pythia1b,train+dev,rc,desc=random_vocab,primary,0.5716666666666667,-0.025,0.01163163513889822,-0.04670833333333333,-0.0033333333333333335,600
pythia1b,train+dev,rc,desc=random_vocab,primary_likelihood,0.2851896164153676,-0.005177092530910622,0.0006060824692144344,-0.0063083429245313575,-0.004010432621502018,600
pythia1b,train+dev,rc,sep=colon_newline,primary,0.5866666666666667,-0.01,0.009427106632188193,-0.028333333333333332,0.008333333333333333,600
pythia1b,train+dev,rc,sep=colon_newline,primary_likelihood,0.28822961038412404,-0.0021370985621541982,0.0004347334763487105,-0.003003505732962316,-0.0013551448117728186,600
pythia1b,train+dev,rc,sep=dash,primary,0.575,-0.021666666666666667,0.008622151418549776,-0.04,-0.005,600
pythia1b,train+dev,rc,sep=dash,primary_likelihood,0.28913999487933223,-0.0012267140669460844,0.0002848723619916802,-0.0017675606648498766,-0.0006650556058183535,600
pythia1b,train+dev,rc,shots=0,primary,0.465,-0.13166666666666665,0.01801180078555418,-0.16833333333333333,-0.09833333333333333,600
pythia1b,train+dev,rc,shots=0,primary_likelihood,0.27742286762716645,-0.012943841319111804,0.0015024090669782135,-0.015894049237658355,-0.01010130698318375,600
pythia1b,train+dev,rc,shots=1,primary,0.545,-0.051666666666666666,0.012189189100260397,-0.07666666666666666,-0.028333333333333332,600
pythia1b,train+dev,rc,shots=1,primary_likelihood,0.285605702058675,-0.0047610068876032295,0.0006639833708486696,-0.006043178441995131,-0.0034814919708844034,600
pythia2.8b,train,mc,canonical,primary,0.25666666666666665,0.0,0.0,0.0,0.0,300
pythia2.8b,train,mc,canonical,primary_likelihood,0.2521442522152232,0.0,0.0,0.0,0.0,300
pythia2.8b,train,mc,choice_sep=none,primary,0.27,0.013333333333333334,0.00941231117394022,-0.0033333333333333335,0.03333333333333333,300
pythia2.8b,train,mc,choice_sep=none,primary_likelihood,0.2528341846992949,0.000689932484071667,0.0005528699634641642,-0.0003742385288750495,0.0017972627738964454,300
pythia2.8b,train,mc,choice_sep=tab,primary,0.2833333333333333,0.02666666666666667,0.018222784158976504,-0.01,0.06,300
pythia2.8b,train,mc,choice_sep=tab,primary_likelihood,0.2518344692720796,-0.0003097829431436731,0.0012044523918329606,-0.002565583355445234,0.0020577152770720245,300
pythia2.8b,train,mc,desc=input_output,primary,0.26,0.0033333333333333335,0.027734339875397123,-0.05,0.05333333333333334,300
pythia2.8b,train,mc,desc=input_output,primary_likelihood,0.25028942171838653,-0.0018548304968366862,0.0018724794389862586,-0.005677082867030138,0.0017077340722653732,300
pythia2.8b,train,mc,desc=q_a,primary,0.25333333333333335,-0.0033333333333333335,0.023843756247767942,-0.05,0.04,300
pythia2.8b,train,mc,desc=q_a,primary_likelihood,0.2519438543024547,-0.0002003979127684662,0.0018952841220899097,-0.0037256853207652176,0.0034095584610154654,300
pythia2.8b,train,mc,desc=random_phrase,primary,0.25333333333333335,-0.0033333333333333335,0.01734837697235333,-0.03666666666666667,0.03333333333333333,300
pythia2.8b,train,mc,desc=random_phrase,primary_likelihood,0.25002301854684567,-0.0021212336683775366,0.00223915253865631,-0.0062853054277945165,0.002282962006626686,300
pythia2.8b,train,mc,desc=random_vocab,primary,0.24,-0.016666666666666666,0.02966116091357499,-0.07333333333333333,0.04,300
pythia2.8b,train,mc,desc=random_vocab,primary_likelihood,0.24993288554739748,-0.002211366667825709,0.0021643711540096445,-0.006619647168801323,0.00215322305835325,300
pythia2.8b,train,mc,sep=colon_newline,primary,0.23666666666666666,-0.02,0.014118466760910324,-0.05,0.006666666666666667,300
pythia2.8b,train,mc,sep=colon_newline,primary_likelihood,0.2505016045630161,-0.0016426476522070975,0.0016841934942805454,-0.00489228500983738,0.0015680510068829844,300
pythia2.8b,train,mc,sep=dash,primary,0.25,-0.006666666666666667,0.012487079907761331,-0.03,0.016666666666666666,300
pythia2.8b,train,mc,sep=dash,primary_likelihood,0.25179118656138666,-0.0003530656538365587,0.0006460279855204763,-0.0015628009483657972,0.0009126126430991682,300
pythia2.8b,train,mc,shots=0,primary,0.2733333333333333,0.016666666666666666,0.03761517677211122,-0.056666666666666664,0.09,300
pythia2.8b,train,mc,shots=0,primary_likelihood,0.25174278979200304,-0.00040146242322019354,0.0047139680620562514,-0.009714240478419317,0.009055269150426202,300
pythia2.8b,train,mc,shots=1,primary,0.25333333333333335,-0.0033333333333333335,0.039080380058758066,-0.08,0.07333333333333333,300
pythia2.8b,train,mc,shots=1,primary_likelihood,0.2480495105412575,-0.004094741673965714,0.004516999110989336,-0.013147165222687478,0.0046887857490176136,300
pythia2.8b,train,rc,canonical,primary,0.7,0.0,0.0,0.0,0.0,300
pythia2.8b,train,rc,canonical,primary_likelihood,0.30350388060468303,0.0,0.0,0.0,0.0,300
pythia2.8b,train,rc,desc=input_output,primary,0.7,0.0,0.010558537785999174,-0.02,0.02008333333333288,300
pythia2.8b,train,rc,desc=input_output,primary_likelihood,0.3016635122017337,-0.001840368402949287,0.0004531573031661375,-0.002696679928817726,-0.0010001845980646448,300
pythia2.8b,train,rc,desc=q_a,primary,0.6966666666666667,-0.0033333333333333335,0.012037041801254904,-0.02666666666666667,0.02,300
pythia2.8b,train,rc,desc=q_a,primary_likelihood,0.30273531106474355,-0.0007685695399394744,0.00040381130897740525,-0.0015715229732784118,1.707369098728019e-05,300
pythia2.8b,train,rc,desc=random_phrase,primary,0.68,-0.02,0.01150832183995157,-0.043333333333333335,0.0033333333333333335,300
pythia2.8b,train,rc,desc=random_phrase,primary_likelihood,0.3010865146777241,-0.0024173659269588893,0.0005642888919969182,-0.0035221863646473,-0.0013172255932955561,300
pythia2.8b,train,rc,desc=random_vocab,primary,0.68,-0.02,0.01150832183995157,-0.043333333333333335,0.0,300
pythia2.8b,train,rc,desc=random_vocab,primary_likelihood,0.2996604890362919,-0.003843391568391087,0.000568662801423083,-0.004911319649454554,-0.002723410895460926,300
pythia2.8b,train,rc,sep=colon_newline,primary,0.6966666666666667,-0.0033333333333333335,0.012037041801254904,-0.02666666666666667,0.02,300
pythia2.8b,train,rc,sep=colon_newline,primary_likelihood,0.3014790232480346,-0.00202485735664838,0.0005414590718012584,-0.0031223046419571994,-0.000994804523771236,300
pythia2.8b,train,rc,sep=dash,primary,0.6966666666666667,-0.0033333333333333335,0.010014853331617444,-0.023333333333333334,0.016666666666666666,300
pythia2.8b,train,rc,sep=dash,primary_likelihood,0.302831777697215,-0.000672102907468057,0.00027807328153870754,-0.0012460252434103633,-0.00014509133220888483,300
pythia2.8b,train,rc,shots=0,primary,0.59,-0.11,0.024845116655545164,-0.16,-0.06,300
pythia2.8b,train,rc,shots=0,primary_likelihood,0.28810578249777874,-0.015398098106904283,0.002053001029011612,-0.01943379216844861,-0.011643024380371065,300
pythia2.8b,train,rc,shots=1,primary,0.69,-0.01,0.016684494367088135,-0.04,0.023333333333333334,300
pythia2.8b,train,rc,shots=1,primary_likelihood,0.3003545024824285,-0.0031493781222545,0.000764337894231888,-0.004583194880070114,-0.0016521244670895528,300
pythia2.8b,dev,mc,canonical,primary,0.25,0.0,0.0,0.0,0.0,300
pythia2.8b,dev,mc,canonical,primary_likelihood,0.24900978710944163,0.0,0.0,0.0,0.0,300
pythia2.8b,dev,mc,choice_sep=none,primary,0.23666666666666666,-0.013333333333333334,0.010530344043323295,-0.03333333333333333,0.006666666666666667,300
pythia2.8b,dev,mc,choice_sep=none,primary_likelihood,0.24922873289417974,0.00021894578473811025,0.0005633275799304939,-0.0009093142568469544,0.0012649593970501885,300
pythia2.8b,dev,mc,choice_sep=tab,primary,0.24,-0.01,0.01528984186360496,-0.04,0.02,300
pythia2.8b,dev,mc,choice_sep=tab,primary_likelihood,0.25048171323022844,0.0014719261207868006,0.0011158148077358248,-0.0007373765949090386,0.0035884682119952742,300
pythia2.8b,dev,mc,desc=input_output,primary,0.24,-0.01,0.026912882287092273,-0.06333333333333334,0.043333333333333335,300
pythia2.8b,dev,mc,desc=input_output,primary_likelihood,0.2506113846145632,0.0016015975051215932,0.0016714700169514615,-0.0017104038227340893,0.004801757314446089,300
pythia2.8b,dev,mc,desc=q_a,primary,0.25333333333333335,0.0033333333333333335,0.02650101839962041,-0.04666666666666667,0.05333333333333334,300
pythia2.8b,dev,mc,desc=q_a,primary_likelihood,0.24892100785311574,-8.877925632587936e-05,0.0018586950117173435,-0.0036407101179498124,0.0032684788347472626,300
pythia2.8b,dev,mc,desc=random_phrase,primary,0.26,0.01,0.017339806697915353,-0.023333333333333334,0.043333333333333335,300
pythia2.8b,dev,mc,desc=random_phrase,primary_likelihood,0.24948522635238599,0.00047543924294437645,0.002369221001873643,-0.004354375418841208,0.005224597107714866,300
pythia2.8b,dev,mc,desc=random_vocab,primary,0.2733333333333333,0.023333333333333334,0.03075357275320357,-0.03333333333333333,0.08333333333333333,300
pythia2.8b,dev,mc,desc=random_vocab,primary_likelihood,0.25085994074176265,0.001850153632321038,0.001869525881832392,-0.0019607930461682864,0.005348161771022619,300
pythia2.8b,dev,mc,sep=colon_newline,primary,0.23666666666666666,-0.013333333333333334,0.01700765997884924,-0.04666666666666667,0.02,300
pythia2.8b,dev,mc,sep=colon_newline,primary_likelihood,0.251091259853681,0.0020814727442393915,0.0016651092971498966,-0.00132634221711947,0.005319260246842314,300
pythia2.8b,dev,mc,sep=dash,primary,0.25,0.0,0.011566298639324804,-0.023333333333333334,0.023333333333333334,300
pythia2.8b,dev,mc,sep=dash,primary_likelihood,0.2491892873232902,0.0001795002138486113,0.0005963216640237023,-0.0009746425517314539,0.0012756557062767642,300
pythia2.8b,dev,mc,shots=0,primary,0.23333333333333334,-0.016666666666666666,0.03731762290877463,-0.09,0.056666666666666664,300
pythia2.8b,dev,mc,shots=0,primary_likelihood,0.24705085988809544,-0.001958927221346172,0.0045914421290202834,-0.010966143975638592,0.00673226056040919,300
pythia2.8b,dev,mc,shots=1,primary,0.25666666666666665,0.006666666666666667,0.03893605463832922,-0.07333333333333333,0.08333333333333333,300
pythia2.8b,dev,mc,shots=1,primary_likelihood,0.2500771854210851,0.0010673983116434855,0.004570335814775077,-0.007579577304338856,0.010678387345421382,300
pythia2.8b,dev,rc,canonical,primary,0.6766666666666666,0.0,0.0,0.0,0.0,300
pythia2.8b,dev,rc,canonical,primary_likelihood,0.30414248986259634,0.0,0.0,0.0,0.0,300
pythia2.8b,dev,rc,desc=input_output,primary,0.6766666666666666,0.0,0.011566298639324804,-0.023333333333333334,0.023333333333333334,300
pythia2.8b,dev,rc,desc=input_output,primary_likelihood,0.30223615616623606,-0.0019063336963602428,0.0004858818461938062,-0.0028797360491283515,-0.001019437404382063,300
pythia2.8b,dev,rc,desc=q_a,primary,0.6633333333333333,-0.013333333333333334,0.012469211432247966,-0.04,0.01,300
pythia2.8b,dev,rc,desc=q_a,primary_likelihood,0.30363042021819464,-0.00051206964440172,0.00047846814560342907,-0.001465354661816214,0.0004343565765941412,300
pythia2.8b,dev,rc,desc=random_phrase,primary,0.6733333333333333,-0.0033333333333333335,0.012930078087963445,-0.03,0.02008333333333288,300
pythia2.8b,dev,rc,desc=random_phrase,primary_likelihood,0.3022111951770659,-0.0019312946855304122,0.0007042670738823626,-0.00333374915040008,-0.0006198633822609013,300
pythia2.8b,dev,rc,desc=random_vocab,primary,0.6666666666666666,-0.01,0.012024686610109593,-0.03333333333333333,0.013333333333333334,300
pythia2.8b,dev,rc,desc=random_vocab,primary_likelihood,0.3010914247885875,-0.0030510650740088042,0.0007056663701038154,-0.0044623901303720535,-0.0017203866364056573,300
pythia2.8b,dev,rc,sep=colon_newline,primary,0.69,0.013333333333333334,0.011540567131056811,-0.01,0.03666666666666667,300
pythia2.8b,dev,rc,sep=colon_newline,primary_likelihood,0.30343157389244424,-0.0007109159701520793,0.0005508103195534236,-0.0017854880453139197,0.0003526909744294392,300
pythia2.8b,dev,rc,sep=dash,primary,0.6733333333333333,-0.0033333333333333335,0.008831802942668871,-0.02,0.013333333333333334,300
pythia2.8b,dev,rc,sep=dash,primary_likelihood,0.30375376227863454,-0.0003887275839617391,0.0003517216303378569,-0.001092274714425032,0.0002867389229644729,300
pythia2.8b,dev,rc,shots=0,primary,0.6133333333333333,-0.06333333333333334,0.02209654166322288,-0.10666666666666667,-0.02,300
pythia2.8b,dev,rc,shots=0,primary_likelihood,0.2932267973968847,-0.010915692465711658,0.002026406941954828,-0.014968689014991392,-0.007030293583182661,300
pythia2.8b,dev,rc,shots=1,primary,0.6633333333333333,-0.013333333333333334,0.01564184803291482,-0.04666666666666667,0.016666666666666666,300
pythia2.8b,dev,rc,shots=1,primary_likelihood,0.3025966402613703,-0.0015458496012260607,0.0007910184744560684,-0.0031142487943168966,-6.794071447873945e-05,300
pythia2.8b,train+dev,mc,canonical,primary,0.25333333333333335,0.0,0.0,0.0,0.0,600
pythia2.8b,train+dev,mc,canonical,primary_likelihood,0.2505770196623324,0.0,0.0,0.0,0.0,600
pythia2.8b,train+dev,mc,choice_sep=none,primary,0.25333333333333335,0.0,0.007076967744316076,-0.013333333333333334,0.013333333333333334,600
pythia2.8b,train+dev,mc,choice_sep=none,primary_likelihood,0.2510314587967373,0.0004544391344048887,0.00039444055892393955,-0.0003350648326659568,0.001240450868498141,600
pythia2.8b,train+dev,mc,choice_sep=tab,primary,0.26166666666666666,0.008333333333333333,0.011907444645650944,-0.013333333333333334,0.03166666666666667,600
pythia2.8b,train+dev,mc,choice_sep=tab,primary_likelihood,0.251158091251154,0.0005810715888215635,0.0008210583839832953,-0.0010466663962003752,0.002219636791466434,600
pythia2.8b,train+dev,mc,desc=input_output,primary,0.25,-0.0033333333333333335,0.01930867884747933,-0.03837499999999999,0.03333333333333333,600
pythia2.8b,train+dev,mc,desc=input_output,primary_likelihood,0.2504504031664749,-0.00012661649585754664,0.001255927792954875,-0.002621775028524246,0.0022906039698385003,600
pythia2.8b,train+dev,mc,desc=q_a,primary,0.25333333333333335,0.0,0.017809978257779288,-0.035,0.03333333333333333,600
pythia2.8b,train+dev,mc,desc=q_a,primary_likelihood,0.25043243107778523,-0.00014458858454717268,0.00132618866432712,-0.0027805661752687665,0.002314056200675429,600
pythia2.8b,train+dev,mc,desc=random_phrase,primary,0.25666666666666665,0.0033333333333333335,0.012256911027172721,-0.021666666666666667,0.02670833333333311,600
pythia2.8b,train+dev,mc,desc=random_phrase,primary_likelihood,0.24975412244961584,-0.00082289721271658,0.001629457547975568,-0.0039347360476396885,0.002364900218221459,600
pythia2.8b,train+dev,mc,desc=random_vocab,primary,0.25666666666666665,0.0033333333333333335,0.02136112199593565,-0.04004166666666666,0.045,600
pythia2.8b,train+dev,mc,desc=random_vocab,primary_likelihood,0.2503964131445801,-0.00018060651775233565,0.0014312156706788822,-0.0030255325033905884,0.0025326554059628124,600
pythia2.8b,train+dev,mc,sep=colon_newline,primary,0.23666666666666666,-0.016666666666666666,0.011043664706193801,-0.03833333333333333,0.005,600
pythia2.8b,train+dev,mc,sep=colon_newline,primary_likelihood,0.2507964322083486,0.00021941254601614668,0.001185631298826733,-0.00208523316296939,0.0025290553495820487,600
pythia2.8b,train+dev,mc,sep=dash,primary,0.25,-0.0033333333333333335,0.008504366179237265,-0.02,0.013333333333333334,600
pythia2.8b,train+dev,mc,sep=dash,primary_likelihood,0.2504902369423384,-8.67827199939737e-05,0.000439356000703732,-0.0009628445777794323,0.0008317038225257854,600
pythia2.8b,train+dev,mc,shots=0,primary,0.25333333333333335,0.0,0.02647958863648116,-0.05333333333333334,0.051666666666666666,600
pythia2.8b,train+dev,mc,shots=0,primary_likelihood,0.2493968248400493,-0.001180194822283183,0.0032876508867222876,-0.007791648010591765,0.005346224306810798,600
pythia2.8b,train+dev,mc,shots=1,primary,0.255,0.0016666666666666668,0.027560745542561195,-0.055,0.056666666666666664,600
pythia2.8b,train+dev,mc,shots=1,primary_likelihood,0.2490633479811713,-0.0015136716811611146,0.0032119621630982355,-0.007831846887607456,0.004664051309689157,600
pythia2.8b,train+dev,rc,canonical,primary,0.6883333333333334,0.0,0.0,0.0,0.0,600
pythia2.8b,train+dev,rc,canonical,primary_likelihood,0.30382318523363966,0.0,0.0,0.0,0.0,600
pythia2.8b,train+dev,rc,desc=input_output,primary,0.6883333333333334,0.0,0.007823882220448075,-0.015,0.015,600
pythia2.8b,train+dev,rc,desc=input_output,primary_likelihood,0.3019498341839849,-0.001873351049654765,0.00033192733576618345,-0.0025321108932523477,-0.0012439034864178242,600
pythia2.8b,train+dev,rc,desc=q_a,primary,0.68,-0.008333333333333333,0.008660789497333435,-0.025,0.008333333333333333,600
pythia2.8b,train+dev,rc,desc=q_a,primary_likelihood,0.30318286564146907,-0.0006403195921705972,0.0003128301296539889,-0.0012336301004319827,-2.5274289553743645e-05,600
pythia2.8b,train+dev,rc,desc=random_phrase,primary,0.6766666666666666,-0.011666666666666667,0.008654361796901468,-0.028333333333333332,0.005,600
pythia2.8b,train+dev,rc,desc=random_phrase,primary_likelihood,0.301648854927395,-0.0021743303062446507,0.00045095700321109403,-0.003048063990733318,-0.0013349170591187027,600
pythia2.8b,train+dev,rc,desc=random_vocab,primary,0.6733333333333333,-0.015,0.008317737214233982,-0.03166666666666667,0.0016666666666666668,600
pythia2.8b,train+dev,rc,desc=random_vocab,primary_likelihood,0.3003759569124397,-0.0034472283211999456,0.0004530505675861559,-0.004345552770467347,-0.002597048467297866,600
pythia2.8b,train+dev,rc,sep=colon_newline,primary,0.6933333333333334,0.005,0.008337784009040618,-0.011666666666666667,0.021666666666666667,600
pythia2.8b,train+dev,rc,sep=colon_newline,primary_likelihood,0.30245529857023945,-0.0013678866634002295,0.000386799753874592,-0.0021350547708190474,-0.0005863431330937004,600
pythia2.8b,train+dev,rc,sep=dash,primary,0.685,-0.0033333333333333335,0.006670838983753935,-0.016666666666666666,0.008374999999999773,600
pythia2.8b,train+dev,rc,sep=dash,primary_likelihood,0.30329276998792476,-0.0005304152457148981,0.000224071026923782,-0.000971945150448672,-0.00010443873956468294,600
pythia2.8b,train+dev,rc,shots=0,primary,0.6016666666666667,-0.08666666666666667,0.01663826182722891,-0.12,-0.055,600
pythia2.8b,train+dev,rc,shots=0,primary_likelihood,0.2906662899473317,-0.01315689528630797,0.0014440212176009201,-0.016076765778592,-0.010431949188271082,600
pythia2.8b,train+dev,rc,shots=1,primary,0.6766666666666666,-0.011666666666666667,0.011425685136499886,-0.03333333333333333,0.011666666666666667,600
pythia2.8b,train+dev,rc,shots=1,primary_likelihood,0.3014755713718994,-0.00234761386174028,0.0005504987283986342,-0.0034352987923795025,-0.001269632776186255,600
