model,subset,formulation,n,primary,label_match,text_match,any_match,no_answer,mean_tokens,top_output,top_share
pythia160m,train,gen_mc,300,0.25,0.25,0.0,0.25,0.0033,2.0,C,0.643
pythia160m,train,gen_rc,300,0.0067,0.02,0.0067,0.0267,0.9033,51.2,water,0.117
pythia160m,dev,gen_mc,300,0.26,0.26,0.0,0.26,0.0033,2.0,C,0.66
pythia160m,dev,gen_rc,300,0.01,0.0333,0.01,0.0433,0.8767,34.29,water,0.087
pythia410m,train,gen_mc,300,0.2367,0.2367,0.0,0.2367,0.0,2.0,A,0.51
pythia410m,train,gen_rc,300,0.0733,0.03,0.0733,0.1033,0.8067,19.16,heat,0.017
pythia410m,dev,gen_mc,300,0.2067,0.2067,0.0,0.2067,0.0,2.0,A,0.507
pythia410m,dev,gen_rc,300,0.07,0.02,0.07,0.09,0.8367,13.85,water,0.013
dd300m,train,gen_mc,300,0.25,0.25,0.0,0.25,0.0,2.0,B,0.83
dd300m,train,gen_rc,300,0.1,0.0367,0.1,0.1333,0.7667,22.27,a cell wall,0.013
dd300m,dev,gen_mc,300,0.21,0.21,0.0,0.21,0.0,2.0,B,0.797
dd300m,dev,gen_rc,300,0.0867,0.02,0.0867,0.1067,0.8067,21.13,bacteria,0.017
pythia1b,train,gen_mc,300,0.2433,0.2433,0.0,0.2433,0.0,2.0,D,0.54
pythia1b,train,gen_rc,300,0.08,0.0367,0.08,0.1167,0.78,17.07,heat,0.013
pythia1b,dev,gen_mc,300,0.2533,0.2533,0.0,0.2533,0.0,2.0,D,0.523
pythia1b,dev,gen_rc,300,0.1,0.0133,0.1,0.1133,0.77,17.21,gravity,0.013
dd1b,train,gen_mc,300,0.23,0.23,0.0,0.23,0.0,2.11,D,0.65
dd1b,train,gen_rc,300,0.1633,0.0433,0.1633,0.2033,0.72,14.09,heat,0.01
dd1b,dev,gen_mc,300,0.2333,0.2333,0.0,0.2333,0.0,2.21,D,0.647
dd1b,dev,gen_rc,300,0.2,0.0067,0.2,0.2067,0.6767,11.99,friction,0.017
pythia2.8b,train,gen_mc,300,0.2567,0.2567,0.0,0.2567,0.0,2.05,D,0.8
pythia2.8b,train,gen_rc,300,0.15,0.0433,0.15,0.1867,0.7033,13.01,,0.013
pythia2.8b,dev,gen_mc,300,0.25,0.25,0.0,0.25,0.0,2.0,D,0.81
pythia2.8b,dev,gen_rc,300,0.1667,0.0033,0.1667,0.17,0.71,10.99,friction,0.013
qwen1.7b-base,train,gen_mc,300,0.9067,0.9067,0.0,0.9067,0.0,2.0,D,0.297
qwen1.7b-base,train,gen_rc,300,0.2133,0.03,0.2133,0.2367,0.71,17.96,carbon dioxide,0.01
qwen1.7b-base,dev,gen_mc,300,0.9233,0.9233,0.0,0.9233,0.0,2.0,C,0.267
qwen1.7b-base,dev,gen_rc,300,0.28,0.0067,0.28,0.2867,0.6433,14.93,friction,0.017
qwen1.7b,train,gen_mc,300,0.8933,0.8933,0.0,0.8933,0.0,2.0,C,0.27
qwen1.7b,train,gen_rc,300,0.2067,0.0333,0.2067,0.2367,0.71,8.84,weathering,0.01
qwen1.7b,dev,gen_mc,300,0.9033,0.9033,0.0,0.9033,0.0,2.0,C,0.29
qwen1.7b,dev,gen_rc,300,0.2833,0.0033,0.2833,0.2867,0.6633,8.48,friction,0.013
