subset,formulation,format,metric,mean,diff,diff_se,n
train,mc,canonical,primary,0.25,0.0,0.0,300
train,mc,canonical,primary_likelihood,0.2501645565195995,0.0,0.0,300
train,mc,choice_sep=none,primary,0.24,-0.01,0.01528984186360496,300
train,mc,choice_sep=none,primary_likelihood,0.25032991992026493,0.00016536340066545003,0.0007493129739582076,300
train,mc,choice_sep=tab,primary,0.24666666666666667,-0.0033333333333333335,0.024306815012227482,300
train,mc,choice_sep=tab,primary_likelihood,0.249769823493371,-0.00039473302622848925,0.0021473655638889863,300
train,mc,desc=input_output,primary,0.25,0.0,0.03271443280438122,300
train,mc,desc=input_output,primary_likelihood,0.2506940261656462,0.0005294696460466642,0.0034690991097194954,300
train,mc,desc=q_a,primary,0.24666666666666667,-0.0033333333333333335,0.01858922461121572,300
train,mc,desc=q_a,primary_likelihood,0.2509655552822638,0.000800998762664289,0.0026163130615030456,300
train,mc,desc=random_phrase,primary,0.29333333333333333,0.043333333333333335,0.036945328053182375,300
train,mc,desc=random_phrase,primary_likelihood,0.25304278284261167,0.0028782263230121372,0.005366570503611583,300
train,mc,desc=random_vocab,primary,0.24333333333333335,-0.006666666666666667,0.027530598496691407,300
train,mc,desc=random_vocab,primary_likelihood,0.2521164523981987,0.0019518958785991842,0.002709185483020686,300
train,mc,sep=colon_newline,primary,0.23666666666666666,-0.013333333333333334,0.01700765997884924,300
train,mc,sep=colon_newline,primary_likelihood,0.2483182471923133,-0.001846309327286208,0.002249793033354397,300
train,mc,sep=dash,primary,0.24666666666666667,-0.0033333333333333335,0.01734837697235333,300
train,mc,sep=dash,primary_likelihood,0.2501920369934413,2.7480473841769066e-05,0.0014308400743448337,300
train,mc,shots=0,primary,0.2966666666666667,0.04666666666666667,0.03913026962267469,300
train,mc,shots=0,primary_likelihood,0.2550358311243166,0.004871274604717139,0.004557420146930437,300
train,mc,shots=1,primary,0.2733333333333333,0.023333333333333334,0.020807732319166158,300
train,mc,shots=1,primary_likelihood,0.2515866239404493,0.0014220674208497955,0.001966079171574658,300
train,rc,canonical,primary,0.5766666666666667,0.0,0.0,300
train,rc,canonical,primary_likelihood,0.28722463443354845,0.0,0.0,300
train,rc,desc=input_output,primary,0.5733333333333334,-0.0033333333333333335,0.013765299248345707,300
train,rc,desc=input_output,primary_likelihood,0.28559667258382404,-0.0016279618497243784,0.0005824380323877515,300
train,rc,desc=q_a,primary,0.5933333333333334,0.016666666666666666,0.011031861562223145,300
train,rc,desc=q_a,primary_likelihood,0.28752410378502424,0.000299469351475788,0.00029508506858975144,300
train,rc,desc=random_phrase,primary,0.48,-0.09666666666666666,0.026332211426364282,300
train,rc,desc=random_phrase,primary_likelihood,0.2731069335755979,-0.01411770085795054,0.0021399767560985787,300
train,rc,desc=random_vocab,primary,0.5833333333333334,0.006666666666666667,0.012487079907761333,300
train,rc,desc=random_vocab,primary_likelihood,0.2861995235038785,-0.0010251109296699687,0.0005519406304024771,300
train,rc,sep=colon_newline,primary,0.5566666666666666,-0.02,0.014887163857316952,300
train,rc,sep=colon_newline,primary_likelihood,0.2850175354843904,-0.002207098949158046,0.001417032644741116,300
train,rc,sep=dash,primary,0.5733333333333334,-0.0033333333333333335,0.010014853331617444,300
train,rc,sep=dash,primary_likelihood,0.28689101586400834,-0.00033361856954009894,0.0003243974001693949,300
train,rc,shots=0,primary,0.5066666666666667,-0.07,0.02488098762409767,300
train,rc,shots=0,primary_likelihood,0.2784417673064101,-0.00878286712713838,0.0016008211090505935,300
train,rc,shots=1,primary,0.5533333333333333,-0.023333333333333334,0.017296891629770512,300
train,rc,shots=1,primary_likelihood,0.2844727803621753,-0.0027518540713730934,0.0006582794064633428,300
dev,mc,canonical,primary,0.21,0.0,0.0,300
dev,mc,canonical,primary_likelihood,0.24560767034503775,0.0,0.0,300
dev,mc,choice_sep=none,primary,0.22,0.01,0.012024686610109593,300
dev,mc,choice_sep=none,primary_likelihood,0.24626521563700246,0.0006575452919647342,0.0007089656831154011,300
dev,mc,choice_sep=tab,primary,0.21333333333333335,0.0033333333333333335,0.024306815012227482,300
dev,mc,choice_sep=tab,primary_likelihood,0.24802942641361778,0.002421756068580092,0.0021856863776332567,300
dev,mc,desc=input_output,primary,0.25333333333333335,0.043333333333333335,0.03175236306775408,300
dev,mc,desc=input_output,primary_likelihood,0.2511229097562235,0.0055152394111857754,0.003499382083371179,300
dev,mc,desc=q_a,primary,0.23333333333333334,0.023333333333333334,0.017296891629770512,300
dev,mc,desc=q_a,primary_likelihood,0.24767300607258325,0.0020653357275455244,0.0025774229014302653,300
dev,mc,desc=random_phrase,primary,0.27666666666666667,0.06666666666666667,0.03845782219132721,300
dev,mc,desc=random_phrase,primary_likelihood,0.2503033373159949,0.004695666970957159,0.005522371429488123,300
dev,mc,desc=random_vocab,primary,0.23666666666666666,0.02666666666666667,0.02789266468479006,300
dev,mc,desc=random_vocab,primary_likelihood,0.24652108244591792,0.0009134121008801954,0.0026648277377838265,300
dev,mc,sep=colon_newline,primary,0.23666666666666666,0.02666666666666667,0.016955140059383058,300
dev,mc,sep=colon_newline,primary_likelihood,0.2452255617585669,-0.00038210858647077904,0.0022790245715255935,300
dev,mc,sep=dash,primary,0.21333333333333335,0.0033333333333333335,0.015299560499173035,300
dev,mc,sep=dash,primary_likelihood,0.24558603930668368,-2.163103835403431e-05,0.001653071184849105,300
dev,mc,shots=0,primary,0.22,0.01,0.03485437134397525,300
dev,mc,shots=0,primary_likelihood,0.24505071230244424,-0.0005569580425934597,0.004156851888560867,300
dev,mc,shots=1,primary,0.22,0.01,0.01858122666543894,300
dev,mc,shots=1,primary_likelihood,0.2463766450635957,0.0007689747185580004,0.0018308416136481212,300
dev,rc,canonical,primary,0.5566666666666666,0.0,0.0,300
dev,rc,canonical,primary_likelihood,0.28932069579154596,0.0,0.0,300
dev,rc,desc=input_output,primary,0.55,-0.006666666666666667,0.014160517387940514,300
dev,rc,desc=input_output,primary_likelihood,0.28749099106949044,-0.0018297047220555162,0.0006318290638122349,300
dev,rc,desc=q_a,primary,0.5566666666666666,0.0,0.011566298639324804,300
dev,rc,desc=q_a,primary_likelihood,0.28992549328596123,0.0006047974944152726,0.0003464334026672166,300
dev,rc,desc=random_phrase,primary,0.46,-0.09666666666666666,0.028760469794785973,300
dev,rc,desc=random_phrase,primary_likelihood,0.2757165268807311,-0.013604168910814875,0.0023363132909033687,300
dev,rc,desc=random_vocab,primary,0.5533333333333333,-0.0033333333333333335,0.01601165498952342,300
dev,rc,desc=random_vocab,primary_likelihood,0.2882802401915459,-0.0010404556000000683,0.0005701425679495261,300
dev,rc,sep=colon_newline,primary,0.55,-0.006666666666666667,0.01828385946424366,300
dev,rc,sep=colon_newline,primary_likelihood,0.28707103394065403,-0.0022496618508919325,0.0011632166560822362,300
dev,rc,sep=dash,primary,0.5533333333333333,-0.0033333333333333335,0.012930078087963445,300
dev,rc,sep=dash,primary_likelihood,0.2891770050186047,-0.00014369077294128525,0.0003384281855898926,300
dev,rc,shots=0,primary,0.49333333333333335,-0.06333333333333334,0.02356155312328897,300
dev,rc,shots=0,primary_likelihood,0.2808610146189816,-0.008459681172564364,0.001762871614163682,300
dev,rc,shots=1,primary,0.5733333333333334,0.016666666666666666,0.01856522043728006,300
dev,rc,shots=1,primary_likelihood,0.286167105304111,-0.0031535904874349773,0.0007640391050041385,300
