model,subset,formulation,format,metric,mean,diff,se,n
dd300m,train,mc,canonical,primary,0.25,0.0,0.0,300
dd300m,train,mc,canonical,primary_likelihood,0.2501645565195995,0.0,0.0,300
dd300m,train,mc,choice_sep=none,primary,0.24,-0.01,0.01528984186360496,300
dd300m,train,mc,choice_sep=none,primary_likelihood,0.25032991992026493,0.00016536340066545003,0.0007493129739582076,300
dd300m,train,mc,choice_sep=tab,primary,0.24666666666666667,-0.0033333333333333335,0.024306815012227482,300
dd300m,train,mc,choice_sep=tab,primary_likelihood,0.249769823493371,-0.00039473302622848925,0.0021473655638889863,300
dd300m,train,mc,desc=input_output,primary,0.25,0.0,0.03271443280438122,300
dd300m,train,mc,desc=input_output,primary_likelihood,0.2506940261656462,0.0005294696460466642,0.0034690991097194954,300
dd300m,train,mc,desc=q_a,primary,0.24666666666666667,-0.0033333333333333335,0.01858922461121572,300
dd300m,train,mc,desc=q_a,primary_likelihood,0.2509655552822638,0.000800998762664289,0.0026163130615030456,300
dd300m,train,mc,desc=random_phrase,primary,0.29333333333333333,0.043333333333333335,0.036945328053182375,300
dd300m,train,mc,desc=random_phrase,primary_likelihood,0.25304278284261167,0.0028782263230121372,0.005366570503611583,300
dd300m,train,mc,desc=random_vocab,primary,0.24333333333333335,-0.006666666666666667,0.027530598496691407,300
dd300m,train,mc,desc=random_vocab,primary_likelihood,0.2521164523981987,0.0019518958785991842,0.002709185483020686,300
dd300m,train,mc,sep=colon_newline,primary,0.23666666666666666,-0.013333333333333334,0.01700765997884924,300
dd300m,train,mc,sep=colon_newline,primary_likelihood,0.2483182471923133,-0.001846309327286208,0.002249793033354397,300
dd300m,train,mc,sep=dash,primary,0.24666666666666667,-0.0033333333333333335,0.01734837697235333,300
dd300m,train,mc,sep=dash,primary_likelihood,0.2501920369934413,2.7480473841769066e-05,0.0014308400743448337,300
dd300m,train,mc,shots=0,primary,0.2966666666666667,0.04666666666666667,0.03913026962267469,300
dd300m,train,mc,shots=0,primary_likelihood,0.2550358311243166,0.004871274604717139,0.004557420146930437,300
dd300m,train,mc,shots=1,primary,0.2733333333333333,0.023333333333333334,0.020807732319166158,300
dd300m,train,mc,shots=1,primary_likelihood,0.2515866239404493,0.0014220674208497955,0.001966079171574658,300
dd300m,train,rc,canonical,primary,0.5766666666666667,0.0,0.0,300
dd300m,train,rc,canonical,primary_likelihood,0.28722463443354845,0.0,0.0,300
dd300m,train,rc,desc=input_output,primary,0.5733333333333334,-0.0033333333333333335,0.013765299248345707,300
dd300m,train,rc,desc=input_output,primary_likelihood,0.28559667258382404,-0.0016279618497243784,0.0005824380323877515,300
dd300m,train,rc,desc=q_a,primary,0.5933333333333334,0.016666666666666666,0.011031861562223145,300
dd300m,train,rc,desc=q_a,primary_likelihood,0.28752410378502424,0.000299469351475788,0.00029508506858975144,300
dd300m,train,rc,desc=random_phrase,primary,0.48,-0.09666666666666666,0.026332211426364282,300
dd300m,train,rc,desc=random_phrase,primary_likelihood,0.2731069335755979,-0.01411770085795054,0.0021399767560985787,300
dd300m,train,rc,desc=random_vocab,primary,0.5833333333333334,0.006666666666666667,0.012487079907761333,300
dd300m,train,rc,desc=random_vocab,primary_likelihood,0.2861995235038785,-0.0010251109296699687,0.0005519406304024771,300
dd300m,train,rc,sep=colon_newline,primary,0.5566666666666666,-0.02,0.014887163857316952,300
dd300m,train,rc,sep=colon_newline,primary_likelihood,0.2850175354843904,-0.002207098949158046,0.001417032644741116,300
dd300m,train,rc,sep=dash,primary,0.5733333333333334,-0.0033333333333333335,0.010014853331617444,300
dd300m,train,rc,sep=dash,primary_likelihood,0.28689101586400834,-0.00033361856954009894,0.0003243974001693949,300
dd300m,train,rc,shots=0,primary,0.5066666666666667,-0.07,0.02488098762409767,300
dd300m,train,rc,shots=0,primary_likelihood,0.2784417673064101,-0.00878286712713838,0.0016008211090505935,300
dd300m,train,rc,shots=1,primary,0.5533333333333333,-0.023333333333333334,0.017296891629770512,300
dd300m,train,rc,shots=1,primary_likelihood,0.2844727803621753,-0.0027518540713730934,0.0006582794064633428,300
dd300m,dev,mc,canonical,primary,0.21,0.0,0.0,300
dd300m,dev,mc,canonical,primary_likelihood,0.24560767034503775,0.0,0.0,300
dd300m,dev,mc,choice_sep=none,primary,0.22,0.01,0.012024686610109593,300
dd300m,dev,mc,choice_sep=none,primary_likelihood,0.24626521563700246,0.0006575452919647342,0.0007089656831154011,300
dd300m,dev,mc,choice_sep=tab,primary,0.21333333333333335,0.0033333333333333335,0.024306815012227482,300
dd300m,dev,mc,choice_sep=tab,primary_likelihood,0.24802942641361778,0.002421756068580092,0.0021856863776332567,300
dd300m,dev,mc,desc=input_output,primary,0.25333333333333335,0.043333333333333335,0.03175236306775408,300
dd300m,dev,mc,desc=input_output,primary_likelihood,0.2511229097562235,0.0055152394111857754,0.003499382083371179,300
dd300m,dev,mc,desc=q_a,primary,0.23333333333333334,0.023333333333333334,0.017296891629770512,300
dd300m,dev,mc,desc=q_a,primary_likelihood,0.24767300607258325,0.0020653357275455244,0.0025774229014302653,300
dd300m,dev,mc,desc=random_phrase,primary,0.27666666666666667,0.06666666666666667,0.03845782219132721,300
dd300m,dev,mc,desc=random_phrase,primary_likelihood,0.2503033373159949,0.004695666970957159,0.005522371429488123,300
dd300m,dev,mc,desc=random_vocab,primary,0.23666666666666666,0.02666666666666667,0.02789266468479006,300
dd300m,dev,mc,desc=random_vocab,primary_likelihood,0.24652108244591792,0.0009134121008801954,0.0026648277377838265,300
dd300m,dev,mc,sep=colon_newline,primary,0.23666666666666666,0.02666666666666667,0.016955140059383058,300
dd300m,dev,mc,sep=colon_newline,primary_likelihood,0.2452255617585669,-0.00038210858647077904,0.0022790245715255935,300
dd300m,dev,mc,sep=dash,primary,0.21333333333333335,0.0033333333333333335,0.015299560499173035,300
dd300m,dev,mc,sep=dash,primary_likelihood,0.24558603930668368,-2.163103835403431e-05,0.001653071184849105,300
dd300m,dev,mc,shots=0,primary,0.22,0.01,0.03485437134397525,300
dd300m,dev,mc,shots=0,primary_likelihood,0.24505071230244424,-0.0005569580425934597,0.004156851888560867,300
dd300m,dev,mc,shots=1,primary,0.22,0.01,0.01858122666543894,300
dd300m,dev,mc,shots=1,primary_likelihood,0.2463766450635957,0.0007689747185580004,0.0018308416136481212,300
dd300m,dev,rc,canonical,primary,0.5566666666666666,0.0,0.0,300
dd300m,dev,rc,canonical,primary_likelihood,0.28932069579154596,0.0,0.0,300
dd300m,dev,rc,desc=input_output,primary,0.55,-0.006666666666666667,0.014160517387940514,300
dd300m,dev,rc,desc=input_output,primary_likelihood,0.28749099106949044,-0.0018297047220555162,0.0006318290638122349,300
dd300m,dev,rc,desc=q_a,primary,0.5566666666666666,0.0,0.011566298639324804,300
dd300m,dev,rc,desc=q_a,primary_likelihood,0.28992549328596123,0.0006047974944152726,0.0003464334026672166,300
dd300m,dev,rc,desc=random_phrase,primary,0.46,-0.09666666666666666,0.028760469794785973,300
dd300m,dev,rc,desc=random_phrase,primary_likelihood,0.2757165268807311,-0.013604168910814875,0.0023363132909033687,300
dd300m,dev,rc,desc=random_vocab,primary,0.5533333333333333,-0.0033333333333333335,0.01601165498952342,300
dd300m,dev,rc,desc=random_vocab,primary_likelihood,0.2882802401915459,-0.0010404556000000683,0.0005701425679495261,300
dd300m,dev,rc,sep=colon_newline,primary,0.55,-0.006666666666666667,0.01828385946424366,300
dd300m,dev,rc,sep=colon_newline,primary_likelihood,0.28707103394065403,-0.0022496618508919325,0.0011632166560822362,300
dd300m,dev,rc,sep=dash,primary,0.5533333333333333,-0.0033333333333333335,0.012930078087963445,300
dd300m,dev,rc,sep=dash,primary_likelihood,0.2891770050186047,-0.00014369077294128525,0.0003384281855898926,300
dd300m,dev,rc,shots=0,primary,0.49333333333333335,-0.06333333333333334,0.02356155312328897,300
dd300m,dev,rc,shots=0,primary_likelihood,0.2808610146189816,-0.008459681172564364,0.001762871614163682,300
dd300m,dev,rc,shots=1,primary,0.5733333333333334,0.016666666666666666,0.01856522043728006,300
dd300m,dev,rc,shots=1,primary_likelihood,0.286167105304111,-0.0031535904874349773,0.0007640391050041385,300
dd1b,train,mc,canonical,primary,0.23,0.0,0.0,300
dd1b,train,mc,canonical,primary_likelihood,0.2496050161462791,0.0,0.0,300
dd1b,train,mc,choice_sep=none,primary,0.23333333333333334,0.0033333333333333335,0.015299560499173035,300
dd1b,train,mc,choice_sep=none,primary_likelihood,0.24979596044178212,0.00019094429550299387,0.00041126575232266604,300
dd1b,train,mc,choice_sep=tab,primary,0.25333333333333335,0.023333333333333334,0.021336782051231306,300
dd1b,train,mc,choice_sep=tab,primary_likelihood,0.24940071094733932,-0.00020430519893984412,0.0008006179219214249,300
dd1b,train,mc,desc=input_output,primary,0.25333333333333335,0.023333333333333334,0.018541185186588642,300
dd1b,train,mc,desc=input_output,primary_likelihood,0.24858491170628255,-0.0010201044399965483,0.001187294746829823,300
dd1b,train,mc,desc=q_a,primary,0.24,0.01,0.028128150758731162,300
dd1b,train,mc,desc=q_a,primary_likelihood,0.24963165956256186,2.664341628269377e-05,0.0015848253282328877,300
dd1b,train,mc,desc=random_phrase,primary,0.23333333333333334,0.0033333333333333335,0.03485863578853212,300
dd1b,train,mc,desc=random_phrase,primary_likelihood,0.24921091286290684,-0.00039410328337232016,0.0030776254017884316,300
dd1b,train,mc,desc=random_vocab,primary,0.27,0.04,0.020451972181412065,300
dd1b,train,mc,desc=random_vocab,primary_likelihood,0.2494140828108586,-0.00019093333542052838,0.0011332883507292329,300
dd1b,train,mc,sep=colon_newline,primary,0.24,0.01,0.031493836880046526,300
dd1b,train,mc,sep=colon_newline,primary_likelihood,0.24752833332187837,-0.002076682824400755,0.0018674929219845177,300
dd1b,train,mc,sep=dash,primary,0.26,0.03,0.020235514108002332,300
dd1b,train,mc,sep=dash,primary_likelihood,0.25026742137775443,0.0006624052314753257,0.0009656959876304565,300
dd1b,train,mc,shots=0,primary,0.22666666666666666,-0.0033333333333333335,0.02813343477714226,300
dd1b,train,mc,shots=0,primary_likelihood,0.24644793179583838,-0.003157084350440749,0.00224216136141529,300
dd1b,train,mc,shots=1,primary,0.22666666666666666,-0.0033333333333333335,0.023843756247767942,300
dd1b,train,mc,shots=1,primary_likelihood,0.2477349602264897,-0.001870055919789407,0.0010119041636132543,300
dd1b,train,rc,canonical,primary,0.7066666666666667,0.0,0.0,300
dd1b,train,rc,canonical,primary_likelihood,0.3054498078076312,0.0,0.0,300
dd1b,train,rc,desc=input_output,primary,0.6966666666666667,-0.01,0.011058776787496637,300
dd1b,train,rc,desc=input_output,primary_likelihood,0.30608313112973634,0.0006333233221051433,0.0004774878158733848,300
dd1b,train,rc,desc=q_a,primary,0.71,0.0033333333333333335,0.008831802942668871,300
dd1b,train,rc,desc=q_a,primary_likelihood,0.30279419377524064,-0.0026556140323905782,0.0002655770429107303,300
dd1b,train,rc,desc=random_phrase,primary,0.6833333333333333,-0.023333333333333334,0.015241155728651349,300
dd1b,train,rc,desc=random_phrase,primary_likelihood,0.30255407321063,-0.0028957345970012116,0.0009401179377913522,300
dd1b,train,rc,desc=random_vocab,primary,0.68,-0.02666666666666667,0.011463026048281267,300
dd1b,train,rc,desc=random_vocab,primary_likelihood,0.3019098990898476,-0.003539908717783574,0.0005372209465858681,300
dd1b,train,rc,sep=colon_newline,primary,0.5866666666666667,-0.12,0.024463017841580843,300
dd1b,train,rc,sep=colon_newline,primary_likelihood,0.30086381160290915,-0.004585996204722017,0.0033735239786940765,300
dd1b,train,rc,sep=dash,primary,0.71,0.0033333333333333335,0.008831802942668871,300
dd1b,train,rc,sep=dash,primary_likelihood,0.3066465970595023,0.001196789251871153,0.00026082611203885104,300
dd1b,train,rc,shots=0,primary,0.6666666666666666,-0.04,0.02098999071331208,300
dd1b,train,rc,shots=0,primary_likelihood,0.29700606082519604,-0.008443746982435168,0.00160578983243891,300
dd1b,train,rc,shots=1,primary,0.6733333333333333,-0.03333333333333333,0.014807070935338031,300
dd1b,train,rc,shots=1,primary_likelihood,0.3036172431076797,-0.0018325646999515107,0.0006585135358118385,300
dd1b,dev,mc,canonical,primary,0.23333333333333334,0.0,0.0,300
dd1b,dev,mc,canonical,primary_likelihood,0.24951084118224742,0.0,0.0,300
dd1b,dev,mc,choice_sep=none,primary,0.23333333333333334,0.0,0.013355611265883555,300
dd1b,dev,mc,choice_sep=none,primary_likelihood,0.2493407796344427,-0.00017006154780472804,0.0004113038088755471,300
dd1b,dev,mc,choice_sep=tab,primary,0.23333333333333334,0.0,0.025863030005593583,300
dd1b,dev,mc,choice_sep=tab,primary_likelihood,0.24944669632411576,-6.41448581316743e-05,0.0008080525225451599,300
dd1b,dev,mc,desc=input_output,primary,0.24,0.006666666666666667,0.01766360588533774,300
dd1b,dev,mc,desc=input_output,primary_likelihood,0.24926055261263524,-0.0002502885696121618,0.0011710680388740743,300
dd1b,dev,mc,desc=q_a,primary,0.23333333333333334,0.0,0.029864054671577645,300
dd1b,dev,mc,desc=q_a,primary_likelihood,0.24913615109112375,-0.000374690091123678,0.0015678922063109852,300
dd1b,dev,mc,desc=random_phrase,primary,0.23666666666666666,0.0033333333333333335,0.0345373413134517,300
dd1b,dev,mc,desc=random_phrase,primary_likelihood,0.2487927598751895,-0.0007180813070579247,0.0029787036678143833,300
dd1b,dev,mc,desc=random_vocab,primary,0.23666666666666666,0.0033333333333333335,0.021893801311336388,300
dd1b,dev,mc,desc=random_vocab,primary_likelihood,0.2499516301683365,0.00044078898608904045,0.0011548598627865263,300
dd1b,dev,mc,sep=colon_newline,primary,0.29333333333333333,0.06,0.033208237953924316,300
dd1b,dev,mc,sep=colon_newline,primary_likelihood,0.2511747766527725,0.001663935470525071,0.0019264038069384006,300
dd1b,dev,mc,sep=dash,primary,0.24,0.006666666666666667,0.019465163882679267,300
dd1b,dev,mc,sep=dash,primary_likelihood,0.24986803099001687,0.00035718980776943744,0.0009808565568370272,300
dd1b,dev,mc,shots=0,primary,0.22,-0.013333333333333334,0.028321034775881035,300
dd1b,dev,mc,shots=0,primary_likelihood,0.24935783603829004,-0.00015300514395738234,0.002057278373990512,300
dd1b,dev,mc,shots=1,primary,0.24666666666666667,0.013333333333333334,0.027114412748013548,300
dd1b,dev,mc,shots=1,primary_likelihood,0.2490866110885629,-0.00042423009368451186,0.0010597729795029168,300
dd1b,dev,rc,canonical,primary,0.7233333333333334,0.0,0.0,300
dd1b,dev,rc,canonical,primary_likelihood,0.30987754938300927,0.0,0.0,300
dd1b,dev,rc,desc=input_output,primary,0.72,-0.0033333333333333335,0.010014853331617442,300
dd1b,dev,rc,desc=input_output,primary_likelihood,0.3110788667889605,0.0012013174059512073,0.0004091100621713343,300
dd1b,dev,rc,desc=q_a,primary,0.71,-0.013333333333333334,0.008142177693922274,300
dd1b,dev,rc,desc=q_a,primary_likelihood,0.3073627983826217,-0.0025147510003876005,0.00029964179332324993,300
dd1b,dev,rc,desc=random_phrase,primary,0.7266666666666667,0.0033333333333333335,0.01734837697235333,300
dd1b,dev,rc,desc=random_phrase,primary_likelihood,0.3059888268005697,-0.0038887225824395825,0.0010075654843645734,300
dd1b,dev,rc,desc=random_vocab,primary,0.7,-0.023333333333333334,0.013700355465229831,300
dd1b,dev,rc,desc=random_vocab,primary_likelihood,0.30634925922789447,-0.003528290155114831,0.0005780024595121629,300
dd1b,dev,rc,sep=colon_newline,primary,0.57,-0.15333333333333332,0.026490499478419194,300
dd1b,dev,rc,sep=colon_newline,primary_likelihood,0.3036349019077512,-0.006242647475258079,0.003700295030549856,300
dd1b,dev,rc,sep=dash,primary,0.7333333333333333,0.01,0.009999999999999998,300
dd1b,dev,rc,sep=dash,primary_likelihood,0.3112590271233186,0.001381477740309293,0.00029322207801325394,300
dd1b,dev,rc,shots=0,primary,0.6833333333333333,-0.04,0.02151455912122305,300
dd1b,dev,rc,shots=0,primary_likelihood,0.3023940278139195,-0.007483521569089803,0.0017535131169025499,300
dd1b,dev,rc,shots=1,primary,0.7133333333333334,-0.01,0.014542445467608682,300
dd1b,dev,rc,shots=1,primary_likelihood,0.30945198834654347,-0.0004255610364658644,0.0006839998764121675,300
