formulation,a,b,ratio,jaccard
rc,20260917T173637Z-framed-rc-dd300m/c004,20260917T173637Z-framed-rc-dd300m/c016,0.836,0.462
mc,20260917T173745Z-framed-mc-dd300m/c014,20260917T173745Z-framed-mc-dd300m/c017,0.776,0.5
rc,20260917T173637Z-framed-rc-dd300m/c002,20260917T173637Z-framed-rc-dd300m/c003,0.762,0.6
rc,20260917T173637Z-framed-rc-dd300m/c003,20260917T173637Z-framed-rc-dd300m/c005,0.736,0.519
rc,20260917T173637Z-framed-rc-dd300m/c004,20260917T173637Z-framed-rc-dd300m/c017,0.715,0.545
mc,20260917T173745Z-framed-mc-dd300m/c005,20260917T173745Z-framed-mc-dd300m/c010,0.705,0.621
mc,20260917T173745Z-framed-mc-dd300m/c003,20260917T173745Z-framed-mc-dd300m/c010,0.704,0.654
mc,20260917T173745Z-framed-mc-dd300m/c010,20260917T173745Z-framed-mc-dd300m/c011,0.698,0.6
mc,20260917T173745Z-framed-mc-dd300m/c000,20260917T173745Z-framed-mc-dd300m/c013,0.689,0.567
mc,20260917T173745Z-framed-mc-dd300m/c000,20260917T173745Z-framed-mc-dd300m/c006,0.689,0.486
rc,20260917T173637Z-framed-rc-dd300m/c002,20260917T173637Z-framed-rc-dd300m/c010,0.682,0.583
mc,20260917T173745Z-framed-mc-dd300m/c016,20260917T173745Z-framed-mc-dd300m/c017,0.679,0.5
mc,20260917T173745Z-framed-mc-dd300m/c003,20260917T173745Z-framed-mc-dd300m/c004,0.67,0.462
rc,20260917T173637Z-framed-rc-dd300m/c003,20260917T173637Z-framed-rc-dd300m/c009,0.669,0.5
mc,20260917T173745Z-framed-mc-dd300m/c004,20260917T173745Z-framed-mc-dd300m/c010,0.667,0.367
rc,20260917T173637Z-framed-rc-dd300m/c005,20260917T173637Z-framed-rc-dd300m/c009,0.648,0.471
mc,20260917T173745Z-framed-mc-dd300m/c002,20260917T173745Z-framed-mc-dd300m/c003,0.648,0.429
rc,20260917T173637Z-framed-rc-dd300m/c009,20260917T173637Z-framed-rc-dd300m/c011,0.647,0.395
rc,20260917T173637Z-framed-rc-dd300m/c016,20260917T173637Z-framed-rc-dd300m/c017,0.645,0.286
rc,20260917T173637Z-framed-rc-dd300m/c014,20260917T173637Z-framed-rc-dd300m/c015,0.643,0.421
mc,20260917T173745Z-framed-mc-dd300m/c004,20260917T173745Z-framed-mc-dd300m/c012,0.64,0.458
mc,20260917T173745Z-framed-mc-dd300m/c004,20260917T173745Z-framed-mc-dd300m/c005,0.632,0.4
rc,20260917T173637Z-framed-rc-dd300m/c002,20260917T173637Z-framed-rc-dd300m/c014,0.627,0.333
rc,20260917T173637Z-framed-rc-dd300m/c002,20260917T173637Z-framed-rc-dd300m/c004,0.624,0.4
rc,20260917T173637Z-framed-rc-dd300m/c009,20260917T173637Z-framed-rc-dd300m/c015,0.62,0.375
rc,20260917T173637Z-framed-rc-dd300m/c002,20260917T173637Z-framed-rc-dd300m/c016,0.62,0.318
mc,20260917T173745Z-framed-mc-dd300m/c006,20260917T173745Z-framed-mc-dd300m/c013,0.619,0.382
rc,20260917T173637Z-framed-rc-dd300m/c012,20260917T173637Z-framed-rc-dd300m/c013,0.617,0.423
rc,20260917T173637Z-framed-rc-dd300m/c008,20260917T173637Z-framed-rc-dd300m/c015,0.612,0.344
mc,20260917T173745Z-framed-mc-dd300m/c003,20260917T173745Z-framed-mc-dd300m/c015,0.612,0.667
rc,20260917T173637Z-framed-rc-dd300m/c005,20260917T173637Z-framed-rc-dd300m/c010,0.611,0.393
mc,20260917T173745Z-framed-mc-dd300m/c003,20260917T173745Z-framed-mc-dd300m/c005,0.609,0.63
rc,20260917T173637Z-framed-rc-dd300m/c002,20260917T173637Z-framed-rc-dd300m/c005,0.608,0.393
mc,20260917T173745Z-framed-mc-dd300m/c005,20260917T173745Z-framed-mc-dd300m/c011,0.597,0.485
rc,20260917T173637Z-framed-rc-dd300m/c002,20260917T173637Z-framed-rc-dd300m/c009,0.592,0.441
mc,20260917T173745Z-framed-mc-dd300m/c008,20260917T173745Z-framed-mc-dd300m/c014,0.592,0.296
mc,20260917T173745Z-framed-mc-dd300m/c000,20260917T173745Z-framed-mc-dd300m/c012,0.592,0.433
mc,20260917T173745Z-framed-mc-dd300m/c000,20260917T173745Z-framed-mc-dd300m/c005,0.591,0.282
rc,20260917T173637Z-framed-rc-dd300m/c003,20260917T173637Z-framed-rc-dd300m/c014,0.59,0.308
rc,20260917T173637Z-framed-rc-dd300m/c005,20260917T173637Z-framed-rc-dd300m/c016,0.588,0.364
rc,20260917T173637Z-framed-rc-dd300m/c002,20260917T173637Z-framed-rc-dd300m/c015,0.584,0.5
rc,20260917T173637Z-framed-rc-dd300m/c004,20260917T173637Z-framed-rc-dd300m/c005,0.583,0.318
mc,20260917T173745Z-framed-mc-dd300m/c012,20260917T173745Z-framed-mc-dd300m/c013,0.573,0.52
rc,20260917T173637Z-framed-rc-dd300m/c012,20260917T173637Z-framed-rc-dd300m/c014,0.573,0.25
rc,20260917T173637Z-framed-rc-dd300m/c011,20260917T173637Z-framed-rc-dd300m/c015,0.569,0.37
mc,20260917T173745Z-framed-mc-dd300m/c004,20260917T173745Z-framed-mc-dd300m/c013,0.568,0.345
rc,20260917T173637Z-framed-rc-dd300m/c002,20260917T173637Z-framed-rc-dd300m/c011,0.565,0.4
rc,20260917T173637Z-framed-rc-dd300m/c003,20260917T173637Z-framed-rc-dd300m/c016,0.565,0.24
rc,20260917T173637Z-framed-rc-dd300m/c003,20260917T173637Z-framed-rc-dd300m/c004,0.559,0.304
rc,20260917T173637Z-framed-rc-dd300m/c005,20260917T173637Z-framed-rc-dd300m/c015,0.557,0.417
mc,20260917T173745Z-framed-mc-dd300m/c008,20260917T173745Z-framed-mc-dd300m/c017,0.556,0.269
rc,20260917T173637Z-framed-rc-dd300m/c003,20260917T173637Z-framed-rc-dd300m/c010,0.554,0.379
mc,20260917T173745Z-framed-mc-dd300m/c014,20260917T173745Z-framed-mc-dd300m/c016,0.548,0.333
mc,20260917T173745Z-framed-mc-dd300m/c000,20260917T173745Z-framed-mc-dd300m/c002,0.548,0.314
mc,20260917T173745Z-framed-mc-dd300m/c006,20260917T173745Z-framed-mc-dd300m/c010,0.547,0.324
rc,20260917T173637Z-framed-rc-dd300m/c003,20260917T173637Z-framed-rc-dd300m/c011,0.547,0.419
mc,20260917T173745Z-framed-mc-dd300m/c000,20260917T173745Z-framed-mc-dd300m/c004,0.546,0.419
mc,20260917T173745Z-framed-mc-dd300m/c004,20260917T173745Z-framed-mc-dd300m/c017,0.546,0.526
mc,20260917T173745Z-framed-mc-dd300m/c006,20260917T173745Z-framed-mc-dd300m/c012,0.546,0.344
rc,20260917T173637Z-framed-rc-dd300m/c011,20260917T173637Z-framed-rc-dd300m/c016,0.545,0.32
rc,20260917T173637Z-framed-rc-dd300m/c003,20260917T173637Z-framed-rc-dd300m/c015,0.545,0.522
mc,20260917T173745Z-framed-mc-dd300m/c010,20260917T173745Z-framed-mc-dd300m/c017,0.542,0.259
mc,20260917T173745Z-framed-mc-dd300m/c003,20260917T173745Z-framed-mc-dd300m/c011,0.541,0.452
mc,20260917T173745Z-framed-mc-dd300m/c011,20260917T173745Z-framed-mc-dd300m/c012,0.54,0.235
mc,20260917T173745Z-framed-mc-dd300m/c012,20260917T173745Z-framed-mc-dd300m/c014,0.54,0.304
mc,20260917T173745Z-framed-mc-dd300m/c012,20260917T173745Z-framed-mc-dd300m/c017,0.54,0.333
rc,20260917T173637Z-framed-rc-dd300m/c010,20260917T173637Z-framed-rc-dd300m/c016,0.535,0.318
mc,20260917T173745Z-framed-mc-dd300m/c011,20260917T173745Z-framed-mc-dd300m/c014,0.533,0.267
mc,20260917T173745Z-framed-mc-dd300m/c002,20260917T173745Z-framed-mc-dd300m/c013,0.531,0.242
mc,20260917T173745Z-framed-mc-dd300m/c007,20260917T173745Z-framed-mc-dd300m/c012,0.529,0.333
rc,20260917T173637Z-framed-rc-dd300m/c010,20260917T173637Z-framed-rc-dd300m/c017,0.525,0.286
rc,20260917T173637Z-framed-rc-dd300m/c008,20260917T173637Z-framed-rc-dd300m/c009,0.524,0.372
rc,20260917T173637Z-framed-rc-dd300m/c011,20260917T173637Z-framed-rc-dd300m/c012,0.523,0.176
rc,20260917T173637Z-framed-rc-dd300m/c006,20260917T173637Z-framed-rc-dd300m/c013,0.523,0.341
rc,20260917T173637Z-framed-rc-dd300m/c004,20260917T173637Z-framed-rc-dd300m/c011,0.523,0.333
mc,20260917T173745Z-framed-mc-dd300m/c006,20260917T173745Z-framed-mc-dd300m/c011,0.52,0.378
rc,20260917T173637Z-framed-rc-dd300m/c005,20260917T173637Z-framed-rc-dd300m/c017,0.519,0.273
rc,20260917T173637Z-framed-rc-dd300m/c004,20260917T173637Z-framed-rc-dd300m/c014,0.517,0.222
rc,20260917T173637Z-framed-rc-dd300m/c009,20260917T173637Z-framed-rc-dd300m/c010,0.513,0.361
mc,20260917T173745Z-framed-mc-dd300m/c008,20260917T173745Z-framed-mc-dd300m/c010,0.512,0.452
mc,20260917T173745Z-framed-mc-dd300m/c002,20260917T173745Z-framed-mc-dd300m/c004,0.511,0.52
rc,20260917T173637Z-framed-rc-dd300m/c010,20260917T173637Z-framed-rc-dd300m/c011,0.511,0.4
rc,20260917T173637Z-framed-rc-dd300m/c014,20260917T173637Z-framed-rc-dd300m/c016,0.51,0.211
mc,20260917T173745Z-framed-mc-dd300m/c000,20260917T173745Z-framed-mc-dd300m/c010,0.51,0.289
rc,20260917T173637Z-framed-rc-dd300m/c015,20260917T173637Z-framed-rc-dd300m/c016,0.506,0.333
mc,20260917T173745Z-framed-mc-dd300m/c002,20260917T173745Z-framed-mc-dd300m/c005,0.503,0.333
mc,20260917T173745Z-framed-mc-dd300m/c011,20260917T173745Z-framed-mc-dd300m/c017,0.503,0.286
mc,20260917T173745Z-framed-mc-dd300m/c012,20260917T173745Z-framed-mc-dd300m/c016,0.503,0.333
mc,20260917T173745Z-framed-mc-dd300m/c000,20260917T173745Z-framed-mc-dd300m/c003,0.5,0.278
rc,20260917T173637Z-framed-rc-dd300m/c002,20260917T173637Z-framed-rc-dd300m/c012,0.492,0.2
mc,20260917T173745Z-framed-mc-dd300m/c009,20260917T173745Z-framed-mc-dd300m/c012,0.492,0.2
rc,20260917T173637Z-framed-rc-dd300m/c009,20260917T173637Z-framed-rc-dd300m/c016,0.488,0.212
rc,20260917T173637Z-framed-rc-dd300m/c004,20260917T173637Z-framed-rc-dd300m/c015,0.488,0.353
mc,20260917T173745Z-framed-mc-dd300m/c002,20260917T173745Z-framed-mc-dd300m/c014,0.487,0.32
mc,20260917T173745Z-framed-mc-dd300m/c003,20260917T173745Z-framed-mc-dd300m/c013,0.487,0.323
rc,20260917T173637Z-framed-rc-dd300m/c009,20260917T173637Z-framed-rc-dd300m/c014,0.486,0.265
rc,20260917T173637Z-framed-rc-dd300m/c012,20260917T173637Z-framed-rc-dd300m/c015,0.486,0.192
mc,20260917T173745Z-framed-mc-dd300m/c004,20260917T173745Z-framed-mc-dd300m/c014,0.485,0.292
rc,20260917T173637Z-framed-rc-dd300m/c003,20260917T173637Z-framed-rc-dd300m/c017,0.484,0.261
mc,20260917T173745Z-framed-mc-dd300m/c003,20260917T173745Z-framed-mc-dd300m/c006,0.484,0.353
mc,20260917T173745Z-framed-mc-dd300m/c006,20260917T173745Z-framed-mc-dd300m/c015,0.484,0.242
rc,20260917T173637Z-framed-rc-dd300m/c010,20260917T173637Z-framed-rc-dd300m/c014,0.483,0.28
mc,20260917T173745Z-framed-mc-dd300m/c010,20260917T173745Z-framed-mc-dd300m/c014,0.483,0.2
rc,20260917T173637Z-framed-rc-dd300m/c005,20260917T173637Z-framed-rc-dd300m/c008,0.482,0.324
rc,20260917T173637Z-framed-rc-dd300m/c013,20260917T173637Z-framed-rc-dd300m/c014,0.482,0.222
mc,20260917T173745Z-framed-mc-dd300m/c004,20260917T173745Z-framed-mc-dd300m/c011,0.48,0.265
mc,20260917T173745Z-framed-mc-dd300m/c008,20260917T173745Z-framed-mc-dd300m/c016,0.48,0.261
rc,20260917T173637Z-framed-rc-dd300m/c005,20260917T173637Z-framed-rc-dd300m/c011,0.479,0.536
mc,20260917T173745Z-framed-mc-dd300m/c011,20260917T173745Z-framed-mc-dd300m/c013,0.478,0.278
mc,20260917T173745Z-framed-mc-dd300m/c005,20260917T173745Z-framed-mc-dd300m/c006,0.478,0.316
rc,20260917T173637Z-framed-rc-dd300m/c004,20260917T173637Z-framed-rc-dd300m/c009,0.477,0.258
rc,20260917T173637Z-framed-rc-dd300m/c006,20260917T173637Z-framed-rc-dd300m/c012,0.476,0.3
mc,20260917T173745Z-framed-mc-dd300m/c010,20260917T173745Z-framed-mc-dd300m/c013,0.476,0.333
rc,20260917T173637Z-framed-rc-dd300m/c014,20260917T173637Z-framed-rc-dd300m/c017,0.475,0.167
rc,20260917T173637Z-framed-rc-dd300m/c002,20260917T173637Z-framed-rc-dd300m/c017,0.475,0.227
rc,20260917T173637Z-framed-rc-dd300m/c003,20260917T173637Z-framed-rc-dd300m/c012,0.474,0.188
mc,20260917T173745Z-framed-mc-dd300m/c001,20260917T173745Z-framed-mc-dd300m/c010,0.472,0.348
mc,20260917T173745Z-framed-mc-dd300m/c001,20260917T173745Z-framed-mc-dd300m/c004,0.472,0.295
rc,20260917T173637Z-framed-rc-dd300m/c010,20260917T173637Z-framed-rc-dd300m/c012,0.471,0.333
mc,20260917T173745Z-framed-mc-dd300m/c001,20260917T173745Z-framed-mc-dd300m/c006,0.471,0.413
rc,20260917T173637Z-framed-rc-dd300m/c001,20260917T173637Z-framed-rc-dd300m/c013,0.469,0.286
mc,20260917T173745Z-framed-mc-dd300m/c001,20260917T173745Z-framed-mc-dd300m/c013,0.467,0.364
mc,20260917T173745Z-framed-mc-dd300m/c008,20260917T173745Z-framed-mc-dd300m/c011,0.467,0.382
mc,20260917T173745Z-framed-mc-dd300m/c002,20260917T173745Z-framed-mc-dd300m/c015,0.465,0.522
mc,20260917T173745Z-framed-mc-dd300m/c003,20260917T173745Z-framed-mc-dd300m/c014,0.465,0.32
rc,20260917T173637Z-framed-rc-dd300m/c000,20260917T173637Z-framed-rc-dd300m/c013,0.464,0.25
mc,20260917T173745Z-framed-mc-dd300m/c006,20260917T173745Z-framed-mc-dd300m/c014,0.464,0.258
mc,20260917T173745Z-framed-mc-dd300m/c007,20260917T173745Z-framed-mc-dd300m/c010,0.461,0.317
mc,20260917T173745Z-framed-mc-dd300m/c002,20260917T173745Z-framed-mc-dd300m/c010,0.458,0.303
mc,20260917T173745Z-framed-mc-dd300m/c008,20260917T173745Z-framed-mc-dd300m/c012,0.458,0.3
rc,20260917T173637Z-framed-rc-dd300m/c012,20260917T173637Z-framed-rc-dd300m/c016,0.457,0.174
rc,20260917T173637Z-framed-rc-dd300m/c011,20260917T173637Z-framed-rc-dd300m/c017,0.457,0.24
rc,20260917T173637Z-framed-rc-dd300m/c005,20260917T173637Z-framed-rc-dd300m/c013,0.456,0.212
rc,20260917T173637Z-framed-rc-dd300m/c008,20260917T173637Z-framed-rc-dd300m/c016,0.455,0.258
mc,20260917T173745Z-framed-mc-dd300m/c013,20260917T173745Z-framed-mc-dd300m/c014,0.454,0.259
mc,20260917T173745Z-framed-mc-dd300m/c004,20260917T173745Z-framed-mc-dd300m/c006,0.454,0.294
mc,20260917T173745Z-framed-mc-dd300m/c001,20260917T173745Z-framed-mc-dd300m/c012,0.452,0.273
mc,20260917T173745Z-framed-mc-dd300m/c001,20260917T173745Z-framed-mc-dd300m/c003,0.451,0.311
mc,20260917T173745Z-framed-mc-dd300m/c005,20260917T173745Z-framed-mc-dd300m/c008,0.448,0.394
mc,20260917T173745Z-framed-mc-dd300m/c000,20260917T173745Z-framed-mc-dd300m/c015,0.448,0.281
mc,20260917T173745Z-framed-mc-dd300m/c003,20260917T173745Z-framed-mc-dd300m/c017,0.447,0.348
mc,20260917T173745Z-framed-mc-dd300m/c006,20260917T173745Z-framed-mc-dd300m/c008,0.444,0.297
mc,20260917T173745Z-framed-mc-dd300m/c007,20260917T173745Z-framed-mc-dd300m/c013,0.443,0.405
rc,20260917T173637Z-framed-rc-dd300m/c004,20260917T173637Z-framed-rc-dd300m/c012,0.441,0.238
mc,20260917T173745Z-framed-mc-dd300m/c006,20260917T173745Z-framed-mc-dd300m/c017,0.44,0.233
mc,20260917T173745Z-framed-mc-dd300m/c002,20260917T173745Z-framed-mc-dd300m/c017,0.437,0.409
rc,20260917T173637Z-framed-rc-dd300m/c001,20260917T173637Z-framed-rc-dd300m/c005,0.437,0.227
mc,20260917T173745Z-framed-mc-dd300m/c009,20260917T173745Z-framed-mc-dd300m/c010,0.437,0.364
mc,20260917T173745Z-framed-mc-dd300m/c005,20260917T173745Z-framed-mc-dd300m/c013,0.436,0.25
rc,20260917T173637Z-framed-rc-dd300m/c005,20260917T173637Z-framed-rc-dd300m/c012,0.434,0.156
rc,20260917T173637Z-framed-rc-dd300m/c000,20260917T173637Z-framed-rc-dd300m/c012,0.43,0.306
rc,20260917T173637Z-framed-rc-dd300m/c005,20260917T173637Z-framed-rc-dd300m/c014,0.429,0.179
rc,20260917T173637Z-framed-rc-dd300m/c001,20260917T173637Z-framed-rc-dd300m/c012,0.429,0.244
mc,20260917T173745Z-framed-mc-dd300m/c009,20260917T173745Z-framed-mc-dd300m/c013,0.426,0.184
mc,20260917T173745Z-framed-mc-dd300m/c005,20260917T173745Z-framed-mc-dd300m/c015,0.423,0.444
rc,20260917T173637Z-framed-rc-dd300m/c002,20260917T173637Z-framed-rc-dd300m/c013,0.423,0.3
rc,20260917T173637Z-framed-rc-dd300m/c001,20260917T173637Z-framed-rc-dd300m/c003,0.422,0.222
rc,20260917T173637Z-framed-rc-dd300m/c009,20260917T173637Z-framed-rc-dd300m/c013,0.421,0.19
rc,20260917T173637Z-framed-rc-dd300m/c001,20260917T173637Z-framed-rc-dd300m/c002,0.421,0.178
mc,20260917T173745Z-framed-mc-dd300m/c000,20260917T173745Z-framed-mc-dd300m/c011,0.42,0.214
rc,20260917T173637Z-framed-rc-dd300m/c008,20260917T173637Z-framed-rc-dd300m/c011,0.419,0.333
mc,20260917T173745Z-framed-mc-dd300m/c009,20260917T173745Z-framed-mc-dd300m/c014,0.418,0.25
mc,20260917T173745Z-framed-mc-dd300m/c009,20260917T173745Z-framed-mc-dd300m/c011,0.418,0.409
mc,20260917T173745Z-framed-mc-dd300m/c002,20260917T173745Z-framed-mc-dd300m/c016,0.417,0.227
rc,20260917T173637Z-framed-rc-dd300m/c011,20260917T173637Z-framed-rc-dd300m/c014,0.416,0.2
mc,20260917T173745Z-framed-mc-dd300m/c001,20260917T173745Z-framed-mc-dd300m/c005,0.416,0.286
rc,20260917T173637Z-framed-rc-dd300m/c001,20260917T173637Z-framed-rc-dd300m/c011,0.415,0.239
mc,20260917T173745Z-framed-mc-dd300m/c010,20260917T173745Z-framed-mc-dd300m/c015,0.413,0.407
mc,20260917T173745Z-framed-mc-dd300m/c005,20260917T173745Z-framed-mc-dd300m/c012,0.412,0.242
mc,20260917T173745Z-framed-mc-dd300m/c000,20260917T173745Z-framed-mc-dd300m/c014,0.412,0.258
rc,20260917T173637Z-framed-rc-dd300m/c010,20260917T173637Z-framed-rc-dd300m/c013,0.411,0.258
mc,20260917T173745Z-framed-mc-dd300m/c005,20260917T173745Z-framed-mc-dd300m/c007,0.41,0.279
rc,20260917T173637Z-framed-rc-dd300m/c012,20260917T173637Z-framed-rc-dd300m/c017,0.41,0.25
mc,20260917T173745Z-framed-mc-dd300m/c005,20260917T173745Z-framed-mc-dd300m/c014,0.409,0.156
rc,20260917T173637Z-framed-rc-dd300m/c003,20260917T173637Z-framed-rc-dd300m/c008,0.408,0.351
rc,20260917T173637Z-framed-rc-dd300m/c006,20260917T173637Z-framed-rc-dd300m/c011,0.407,0.234
mc,20260917T173745Z-framed-mc-dd300m/c001,20260917T173745Z-framed-mc-dd300m/c011,0.407,0.306
rc,20260917T173637Z-framed-rc-dd300m/c002,20260917T173637Z-framed-rc-dd300m/c008,0.407,0.371
rc,20260917T173637Z-framed-rc-dd300m/c000,20260917T173637Z-framed-rc-dd300m/c005,0.406,0.19
mc,20260917T173745Z-framed-mc-dd300m/c013,20260917T173745Z-framed-mc-dd300m/c015,0.404,0.385
mc,20260917T173745Z-framed-mc-dd300m/c004,20260917T173745Z-framed-mc-dd300m/c015,0.402,0.571
rc,20260917T173637Z-framed-rc-dd300m/c003,20260917T173637Z-framed-rc-dd300m/c013,0.4,0.281
rc,20260917T173637Z-framed-rc-dd300m/c013,20260917T173637Z-framed-rc-dd300m/c015,0.398,0.259
rc,20260917T173637Z-framed-rc-dd300m/c007,20260917T173637Z-framed-rc-dd300m/c011,0.398,0.164
mc,20260917T173745Z-framed-mc-dd300m/c003,20260917T173745Z-framed-mc-dd300m/c008,0.398,0.615
mc,20260917T173745Z-framed-mc-dd300m/c003,20260917T173745Z-framed-mc-dd300m/c012,0.396,0.321
rc,20260917T173637Z-framed-rc-dd300m/c006,20260917T173637Z-framed-rc-dd300m/c008,0.395,0.185
rc,20260917T173637Z-framed-rc-dd300m/c008,20260917T173637Z-framed-rc-dd300m/c014,0.394,0.2
rc,20260917T173637Z-framed-rc-dd300m/c009,20260917T173637Z-framed-rc-dd300m/c017,0.391,0.226
rc,20260917T173637Z-framed-rc-dd300m/c001,20260917T173637Z-framed-rc-dd300m/c015,0.39,0.171
mc,20260917T173745Z-framed-mc-dd300m/c011,20260917T173745Z-framed-mc-dd300m/c015,0.389,0.333
rc,20260917T173637Z-framed-rc-dd300m/c001,20260917T173637Z-framed-rc-dd300m/c009,0.389,0.231
rc,20260917T173637Z-framed-rc-dd300m/c000,20260917T173637Z-framed-rc-dd300m/c015,0.386,0.128
rc,20260917T173637Z-framed-rc-dd300m/c013,20260917T173637Z-framed-rc-dd300m/c017,0.383,0.12
rc,20260917T173637Z-framed-rc-dd300m/c004,20260917T173637Z-framed-rc-dd300m/c010,0.382,0.4
rc,20260917T173637Z-framed-rc-dd300m/c008,20260917T173637Z-framed-rc-dd300m/c013,0.382,0.225
mc,20260917T173745Z-framed-mc-dd300m/c002,20260917T173745Z-framed-mc-dd300m/c012,0.381,0.276
mc,20260917T173745Z-framed-mc-dd300m/c000,20260917T173745Z-framed-mc-dd300m/c017,0.38,0.276
mc,20260917T173745Z-framed-mc-dd300m/c012,20260917T173745Z-framed-mc-dd300m/c015,0.38,0.391
mc,20260917T173745Z-framed-mc-dd300m/c006,20260917T173745Z-framed-mc-dd300m/c016,0.379,0.222
rc,20260917T173637Z-framed-rc-dd300m/c000,20260917T173637Z-framed-rc-dd300m/c002,0.376,0.14
rc,20260917T173637Z-framed-rc-dd300m/c006,20260917T173637Z-framed-rc-dd300m/c015,0.373,0.14
rc,20260917T173637Z-framed-rc-dd300m/c009,20260917T173637Z-framed-rc-dd300m/c012,0.369,0.175
rc,20260917T173637Z-framed-rc-dd300m/c007,20260917T173637Z-framed-rc-dd300m/c008,0.369,0.207
mc,20260917T173745Z-framed-mc-dd300m/c010,20260917T173745Z-framed-mc-dd300m/c012,0.368,0.333
mc,20260917T173745Z-framed-mc-dd300m/c003,20260917T173745Z-framed-mc-dd300m/c016,0.367,0.227
rc,20260917T173637Z-framed-rc-dd300m/c007,20260917T173637Z-framed-rc-dd300m/c009,0.365,0.268
rc,20260917T173637Z-framed-rc-dd300m/c004,20260917T173637Z-framed-rc-dd300m/c008,0.363,0.152
rc,20260917T173637Z-framed-rc-dd300m/c006,20260917T173637Z-framed-rc-dd300m/c009,0.362,0.275
rc,20260917T173637Z-framed-rc-dd300m/c008,20260917T173637Z-framed-rc-dd300m/c010,0.362,0.231
rc,20260917T173637Z-framed-rc-dd300m/c000,20260917T173637Z-framed-rc-dd300m/c011,0.361,0.152
rc,20260917T173637Z-framed-rc-dd300m/c006,20260917T173637Z-framed-rc-dd300m/c016,0.36,0.125
rc,20260917T173637Z-framed-rc-dd300m/c010,20260917T173637Z-framed-rc-dd300m/c015,0.36,0.32
mc,20260917T173745Z-framed-mc-dd300m/c002,20260917T173745Z-framed-mc-dd300m/c011,0.36,0.25
rc,20260917T173637Z-framed-rc-dd300m/c001,20260917T173637Z-framed-rc-dd300m/c004,0.359,0.194
mc,20260917T173745Z-framed-mc-dd300m/c015,20260917T173745Z-framed-mc-dd300m/c016,0.356,0.294
mc,20260917T173745Z-framed-mc-dd300m/c007,20260917T173745Z-framed-mc-dd300m/c014,0.356,0.189
rc,20260917T173637Z-framed-rc-dd300m/c000,20260917T173637Z-framed-rc-dd300m/c003,0.355,0.159
rc,20260917T173637Z-framed-rc-dd300m/c001,20260917T173637Z-framed-rc-dd300m/c010,0.354,0.152
rc,20260917T173637Z-framed-rc-dd300m/c015,20260917T173637Z-framed-rc-dd300m/c017,0.354,0.222
mc,20260917T173745Z-framed-mc-dd300m/c013,20260917T173745Z-framed-mc-dd300m/c017,0.354,0.28
mc,20260917T173745Z-framed-mc-dd300m/c005,20260917T173745Z-framed-mc-dd300m/c017,0.353,0.296
rc,20260917T173637Z-framed-rc-dd300m/c000,20260917T173637Z-framed-rc-dd300m/c009,0.351,0.224
mc,20260917T173745Z-framed-mc-dd300m/c004,20260917T173745Z-framed-mc-dd300m/c016,0.35,0.316
mc,20260917T173745Z-framed-mc-dd300m/c001,20260917T173745Z-framed-mc-dd300m/c002,0.349,0.255
rc,20260917T173637Z-framed-rc-dd300m/c001,20260917T173637Z-framed-rc-dd300m/c016,0.349,0.158
mc,20260917T173745Z-framed-mc-dd300m/c014,20260917T173745Z-framed-mc-dd300m/c015,0.347,0.4
mc,20260917T173745Z-framed-mc-dd300m/c007,20260917T173745Z-framed-mc-dd300m/c017,0.346,0.235
rc,20260917T173637Z-framed-rc-dd300m/c004,20260917T173637Z-framed-rc-dd300m/c013,0.344,0.16
rc,20260917T173637Z-framed-rc-dd300m/c008,20260917T173637Z-framed-rc-dd300m/c012,0.344,0.095
mc,20260917T173745Z-framed-mc-dd300m/c015,20260917T173745Z-framed-mc-dd300m/c017,0.342,0.529
rc,20260917T173637Z-framed-rc-dd300m/c011,20260917T173637Z-framed-rc-dd300m/c013,0.338,0.194
rc,20260917T173637Z-framed-rc-dd300m/c007,20260917T173637Z-framed-rc-dd300m/c012,0.335,0.16
mc,20260917T173745Z-framed-mc-dd300m/c002,20260917T173745Z-framed-mc-dd300m/c006,0.332,0.179
mc,20260917T173745Z-framed-mc-dd300m/c000,20260917T173745Z-framed-mc-dd300m/c009,0.33,0.286
mc,20260917T173745Z-framed-mc-dd300m/c008,20260917T173745Z-framed-mc-dd300m/c015,0.33,0.423
rc,20260917T173637Z-framed-rc-dd300m/c007,20260917T173637Z-framed-rc-dd300m/c013,0.33,0.271
mc,20260917T173745Z-framed-mc-dd300m/c001,20260917T173745Z-framed-mc-dd300m/c008,0.328,0.298
rc,20260917T173637Z-framed-rc-dd300m/c006,20260917T173637Z-framed-rc-dd300m/c014,0.327,0.143
rc,20260917T173637Z-framed-rc-dd300m/c013,20260917T173637Z-framed-rc-dd300m/c016,0.326,0.25
rc,20260917T173637Z-framed-rc-dd300m/c000,20260917T173637Z-framed-rc-dd300m/c016,0.324,0.143
mc,20260917T173745Z-framed-mc-dd300m/c007,20260917T173745Z-framed-mc-dd300m/c008,0.321,0.262
mc,20260917T173745Z-framed-mc-dd300m/c009,20260917T173745Z-framed-mc-dd300m/c017,0.319,0.231
rc,20260917T173637Z-framed-rc-dd300m/c001,20260917T173637Z-framed-rc-dd300m/c014,0.319,0.119
mc,20260917T173745Z-framed-mc-dd300m/c000,20260917T173745Z-framed-mc-dd300m/c008,0.318,0.2
rc,20260917T173637Z-framed-rc-dd300m/c000,20260917T173637Z-framed-rc-dd300m/c004,0.315,0.147
rc,20260917T173637Z-framed-rc-dd300m/c001,20260917T173637Z-framed-rc-dd300m/c007,0.305,0.442
mc,20260917T173745Z-framed-mc-dd300m/c004,20260917T173745Z-framed-mc-dd300m/c008,0.305,0.333
mc,20260917T173745Z-framed-mc-dd300m/c011,20260917T173745Z-framed-mc-dd300m/c016,0.302,0.143
rc,20260917T173637Z-framed-rc-dd300m/c007,20260917T173637Z-framed-rc-dd300m/c015,0.299,0.1
rc,20260917T173637Z-framed-rc-dd300m/c006,20260917T173637Z-framed-rc-dd300m/c010,0.299,0.174
mc,20260917T173745Z-framed-mc-dd300m/c001,20260917T173745Z-framed-mc-dd300m/c014,0.296,0.156
mc,20260917T173745Z-framed-mc-dd300m/c007,20260917T173745Z-framed-mc-dd300m/c011,0.295,0.244
rc,20260917T173637Z-framed-rc-dd300m/c006,20260917T173637Z-framed-rc-dd300m/c017,0.293,0.162
rc,20260917T173637Z-framed-rc-dd300m/c001,20260917T173637Z-framed-rc-dd300m/c017,0.292,0.167
rc,20260917T173637Z-framed-rc-dd300m/c007,20260917T173637Z-framed-rc-dd300m/c016,0.288,0.109
mc,20260917T173745Z-framed-mc-dd300m/c008,20260917T173745Z-framed-mc-dd300m/c013,0.287,0.229
mc,20260917T173745Z-framed-mc-dd300m/c001,20260917T173745Z-framed-mc-dd300m/c017,0.285,0.19
mc,20260917T173745Z-framed-mc-dd300m/c007,20260917T173745Z-framed-mc-dd300m/c016,0.285,0.152
rc,20260917T173637Z-framed-rc-dd300m/c000,20260917T173637Z-framed-rc-dd300m/c008,0.285,0.135
rc,20260917T173637Z-framed-rc-dd300m/c001,20260917T173637Z-framed-rc-dd300m/c008,0.281,0.212
rc,20260917T173637Z-framed-rc-dd300m/c007,20260917T173637Z-framed-rc-dd300m/c010,0.278,0.111
mc,20260917T173745Z-framed-mc-dd300m/c013,20260917T173745Z-framed-mc-dd300m/c016,0.272,0.167
mc,20260917T173745Z-framed-mc-dd300m/c007,20260917T173745Z-framed-mc-dd300m/c015,0.272,0.243
rc,20260917T173637Z-framed-rc-dd300m/c000,20260917T173637Z-framed-rc-dd300m/c017,0.27,0.188
mc,20260917T173745Z-framed-mc-dd300m/c002,20260917T173745Z-framed-mc-dd300m/c008,0.27,0.4
mc,20260917T173745Z-framed-mc-dd300m/c002,20260917T173745Z-framed-mc-dd300m/c007,0.268,0.342
mc,20260917T173745Z-framed-mc-dd300m/c009,20260917T173745Z-framed-mc-dd300m/c016,0.263,0.128
rc,20260917T173637Z-framed-rc-dd300m/c000,20260917T173637Z-framed-rc-dd300m/c014,0.261,0.132
mc,20260917T173745Z-framed-mc-dd300m/c000,20260917T173745Z-framed-mc-dd300m/c016,0.256,0.179
rc,20260917T173637Z-framed-rc-dd300m/c000,20260917T173637Z-framed-rc-dd300m/c010,0.253,0.195
rc,20260917T173637Z-framed-rc-dd300m/c000,20260917T173637Z-framed-rc-dd300m/c001,0.252,0.391
mc,20260917T173745Z-framed-mc-dd300m/c010,20260917T173745Z-framed-mc-dd300m/c016,0.249,0.154
rc,20260917T173637Z-framed-rc-dd300m/c008,20260917T173637Z-framed-rc-dd300m/c017,0.245,0.121
mc,20260917T173745Z-framed-mc-dd300m/c001,20260917T173745Z-framed-mc-dd300m/c015,0.242,0.174
mc,20260917T173745Z-framed-mc-dd300m/c005,20260917T173745Z-framed-mc-dd300m/c016,0.24,0.148
rc,20260917T173637Z-framed-rc-dd300m/c007,20260917T173637Z-framed-rc-dd300m/c017,0.236,0.14
rc,20260917T173637Z-framed-rc-dd300m/c007,20260917T173637Z-framed-rc-dd300m/c014,0.232,0.059
mc,20260917T173745Z-framed-mc-dd300m/c004,20260917T173745Z-framed-mc-dd300m/c009,0.232,0.279
mc,20260917T173745Z-framed-mc-dd300m/c001,20260917T173745Z-framed-mc-dd300m/c016,0.215,0.122
mc,20260917T173745Z-framed-mc-dd300m/c009,20260917T173745Z-framed-mc-dd300m/c015,0.197,0.268
mc,20260917T173745Z-framed-mc-dd300m/c003,20260917T173745Z-framed-mc-dd300m/c007,0.168,0.275
mc,20260917T173745Z-framed-mc-dd300m/c006,20260917T173745Z-framed-mc-dd300m/c007,0.136,0.326
mc,20260917T173745Z-framed-mc-dd300m/c003,20260917T173745Z-framed-mc-dd300m/c009,0.134,0.39
rc,20260917T173637Z-framed-rc-dd300m/c005,20260917T173637Z-framed-rc-dd300m/c007,0.132,0.22
mc,20260917T173745Z-framed-mc-dd300m/c004,20260917T173745Z-framed-mc-dd300m/c007,0.132,0.361
rc,20260917T173637Z-framed-rc-dd300m/c000,20260917T173637Z-framed-rc-dd300m/c006,0.112,0.383
mc,20260917T173745Z-framed-mc-dd300m/c002,20260917T173745Z-framed-mc-dd300m/c009,0.109,0.357
mc,20260917T173745Z-framed-mc-dd300m/c008,20260917T173745Z-framed-mc-dd300m/c009,0.098,0.372
mc,20260917T173745Z-framed-mc-dd300m/c001,20260917T173745Z-framed-mc-dd300m/c009,0.097,0.382
rc,20260917T173637Z-framed-rc-dd300m/c003,20260917T173637Z-framed-rc-dd300m/c007,0.095,0.192
mc,20260917T173745Z-framed-mc-dd300m/c001,20260917T173745Z-framed-mc-dd300m/c007,0.091,0.522
rc,20260917T173637Z-framed-rc-dd300m/c000,20260917T173637Z-framed-rc-dd300m/c007,0.085,0.291
mc,20260917T173745Z-framed-mc-dd300m/c000,20260917T173745Z-framed-mc-dd300m/c007,0.076,0.541
rc,20260917T173637Z-framed-rc-dd300m/c006,20260917T173637Z-framed-rc-dd300m/c007,0.067,0.52
rc,20260917T173637Z-framed-rc-dd300m/c004,20260917T173637Z-framed-rc-dd300m/c007,0.065,0.136
rc,20260917T173637Z-framed-rc-dd300m/c002,20260917T173637Z-framed-rc-dd300m/c007,0.062,0.132
mc,20260917T173745Z-framed-mc-dd300m/c006,20260917T173745Z-framed-mc-dd300m/c009,0.059,0.286
rc,20260917T173637Z-framed-rc-dd300m/c004,20260917T173637Z-framed-rc-dd300m/c006,0.05,0.158
rc,20260917T173637Z-framed-rc-dd300m/c002,20260917T173637Z-framed-rc-dd300m/c006,0.043,0.174
mc,20260917T173745Z-framed-mc-dd300m/c000,20260917T173745Z-framed-mc-dd300m/c001,0.032,0.512
rc,20260917T173637Z-framed-rc-dd300m/c003,20260917T173637Z-framed-rc-dd300m/c006,0.031,0.244
rc,20260917T173637Z-framed-rc-dd300m/c005,20260917T173637Z-framed-rc-dd300m/c006,0.027,0.25
rc,20260917T173637Z-framed-rc-dd300m/c001,20260917T173637Z-framed-rc-dd300m/c006,0.023,0.5
mc,20260917T173745Z-framed-mc-dd300m/c007,20260917T173745Z-framed-mc-dd300m/c009,0.013,0.333
mc,20260917T173745Z-framed-mc-dd300m/c005,20260917T173745Z-framed-mc-dd300m/c009,0.01,0.356
