model,subset,n,RC acc,RC share,MC acc,MC share
DD 150M,train,300,0.48333333333333334,0.28005600299919226,0.26666666666666666,0.2509089462938194
DD 150M,dev,300,0.5033333333333333,0.2802264836390018,0.26666666666666666,0.25068024754505797
DD 150M,test,300,0.53,0.2797090643753509,0.23666666666666666,0.25055271377794
DD 150M,full,2376,0.5092592592592593,0.2806117015697973,0.2617845117845118,0.2507889336422333
DD 300M,train,300,0.5766666666666667,0.28722463411862104,0.25,0.2501645579983322
DD 300M,dev,300,0.5566666666666666,0.2893206965940616,0.21,0.2456076811887029
DD 300M,test,300,0.5666666666666667,0.28779298188200014,0.24666666666666667,0.24827493917664611
DD 300M,full,2376,0.5879629629629629,0.2896283578928486,0.2474747474747475,0.2496867198723535
DD 1B,train,300,0.7066666666666667,0.3054498070341965,0.23,0.24960501538579058
DD 1B,dev,300,0.7233333333333334,0.3098775484976662,0.23333333333333334,0.24951086268305503
DD 1B,test,300,0.6766666666666666,0.3046701009220477,0.23333333333333334,0.24828414421667802
DD 1B,full,2376,0.7066498316498316,0.30808046598441297,0.23737373737373738,0.2500250343420679
Qwen3-1.7B-Base,train,300,0.8166666666666667,0.3358670692756755,0.9066666666666666,0.8665168534019227
Qwen3-1.7B-Base,dev,300,0.87,0.34639328817293685,0.9233333333333333,0.8914169634318144
Qwen3-1.7B-Base,test,300,0.8366666666666667,0.34141920386859265,0.9533333333333334,0.8967219189363698
Qwen3-1.7B-Base,full,2376,0.8312289562289562,0.34105212339717106,0.9255050505050505,0.8827551123781069
Qwen3-1.7B,train,300,0.7633333333333333,0.4029355922010506,0.8933333333333333,0.8943338693406345
Qwen3-1.7B,dev,300,0.8166666666666667,0.4240574427944782,0.9033333333333333,0.9045729345246154
Qwen3-1.7B,test,300,0.81,0.41698216206490374,0.9066666666666666,0.9035993652540033
Qwen3-1.7B,full,2376,0.7946127946127947,0.4143243440113883,0.8968855218855218,0.8952890365894597
